customer_unique_id,risky_orders,revenue_at_risk,lifetime_customer_value
0a0a92112bd4c708ca5fde585afaa872,1,13440.0,13664.08
763c8b1c9c68a0229c42c9fc6f662b93,1,7160.0,7274.88
459bef486812aa25204be022145caa62,1,6729.0,6922.21
4007669dec559734d6f53e029e360987,1,5934.6,6081.54
5d0a2980b292d049061542014e8960bf,1,4599.9,4809.44
055ec572ac7f3c7bdd04a183830ebe59,2,3999.98,4053.08
edf81e1f3070b9dac83ec83dacdbb9bc,1,3999.0,4194.76
76a08544f95591acec0d4c976054c459,1,3300.0,3358.24
9b11e010850a4045d2da80c7783fdbd1,1,3198.0,3256.14
46450c74a0d8c5ca9395da1daac6c120,1,3109.99,9553.02
1b76903617af13189607a36b0469f6f3,1,3099.75,3195.73
6f00d356a4be20527662aaf12116baab,1,2990.0,3184.55
c21e93b1d7b7a416d0f36fa6ebc1d60a,1,2799.0,2827.0
25bedfc6317ec4a379ef49b9c1049733,1,2749.0,2818.74
030a810edeec1ceea314282513023587,1,2740.0,2794.5
ec5d2f91c651ce345616c7035fab6f9d,1,2700.0,2759.88
1e7097be947ad5d0f7819bdc9d8d7d0e,1,2690.0,2751.24
149b43a4776ea0a773ac75bc58830fb9,1,2690.0,2734.11
13d9920a16127351540bcd95ad4643c8,1,2649.99,2733.63
c949c73b1318491d6b5b117acb3e24a4,1,2649.0,2681.29
bb149f7e7bfee3d984e265d0eae6181b,1,2649.0,2681.29
60b2ec19b8c18082cdb5180106a97cb5,1,2649.0,2692.82
94c1c602b16a9fdfbc154ef63cfa50f9,1,2492.5,2566.9
7386ded430d6aeb715a0d087c38a2dfe,1,2433.6,2590.61
24c0598e5978021ede868fbf7526544a,1,2400.0,2429.68
5dff3703f9d82688ab5a1c92df1e4b18,1,2399.0,2467.33
f755e02e22f99b9e1658cbd2186a212d,1,2350.0,2419.2
8e07cbdbbb24328ece74135e2a81405b,1,2350.0,2455.12
f2a29b4d4c04184a9372bb7374d344ac,1,2299.95,2404.72
5eed8cf8c54bff340300c214ddc32db4,1,2299.95,2404.72
8a8ac60fd8ea25925f379a33ef277987,1,2258.0,2322.32
bd879722dc92d795d57264b3c1e09f6a,1,2200.0,2241.64
c53a15252bb69a238a59b79c58a84bcf,1,2199.0,2338.48
c5a0eef09ffd9448532ef07854769930,1,2110.0,2360.42
a58b1fe8146940d706e5f07d73bc7d51,1,2110.0,2264.9
cad51aa032a0834a45c27586bce31d1c,1,2109.9,2150.81
00adeda9b742746c0c66e10d00ea1b74,1,2078.5,2148.4
e8258022c5060b1f3d861556a17fd741,1,2029.0,2115.79
59bfe97acaf7979ebbc663af8bb1827d,1,2029.0,2092.86
c402f431464c72e27330a67f7b94d4fb,1,2000.0,2202.4
efb14cc2969129e2d865bc75be239916,1,1999.99,2064.88
af4add6ae61530f1768eef38c9a52c05,1,1999.99,2029.62
af366f48405f787edafa83d61e9ab5c5,1,1999.99,2036.86
6ead799d8a12f9095ab29409be2aa075,1,1999.99,2026.54
5330670c6666e6f35a2688802fdb235f,1,1999.99,2034.48
4c4645e724402ec958ead69dbf1ade6c,1,1999.99,2026.54
18d3c0c7617e44eab9bef19f29bbdb1b,1,1999.99,2035.86
03d1be27ccf6d46178ecd2ad2cc1db10,1,1999.99,2026.54
10e1df2717597281c5cffa0e0a7ca7cb,1,1999.98,2225.69
10080cf8d46d43de1133521a8567b153,1,1999.9,2028.65
918c2334c6537fd745c6aea1e3fe54f8,1,1999.0,2065.35
82c0c03a1fb8968a30707374c8566fba,1,1999.0,2032.04
613835be7274f39d246f0c9c264ca132,1,1997.0,2060.2
559026a1299bd2ede976c8d516d92258,1,1995.0,2276.1
8f86544c8854a0d0b347511a24981b77,1,1989.0,2027.23
a22ee6bd65e350c2d1a0d9a12c2e465f,1,1988.0,2014.99
15be5104d4c41b5e0dada09bfa5215d9,1,1980.0,2009.62
2621b577faf30c524ef1f0fff766a575,1,1964.0,2111.57
8831da2a67b7007cd92faef855f9fb52,1,1914.58,2055.84
15dcd36d3c50ae6540aa942684f51824,1,1899.0,1996.32
ac32c69c438fa163767f5aa5c4d0b6e1,1,1890.0,1925.77
1a3d1e8b28c0ee27c23333ee108c47e6,1,1880.0,1924.03
3d47f4368ccc8e1bb4c4a12dbda7111b,1,1879.9,2234.66
244024d753ef305e66b7ef97f3813ebd,1,1854.0,1949.52
906a8a4ec9f3d4c3e64fa6d1c4fe6009,1,1800.0,2020.86
1eb6f015c37dc8e3f5b531fbca809a49,1,1799.0,1843.85
01858f2fad256b1689f5bdafc059f745,1,1799.0,1841.11
14cf3e40a2b5076d2d0384a7e68ca06f,1,1798.0,1916.08
e3fe811011101628e80a7953f1244c8d,1,1795.0,1950.2
35dac57557b3ffbf2f231d3c1483fde1,1,1790.0,1830.9
6ae98e2bdf8d09e86cd16479fa511f9e,1,1788.0,1821.82
66b219a06a37d7129406e32d295a46fb,1,1780.0,1816.11
13fb439d0a2aae1e3200ccb4dc9b37e7,1,1780.0,1821.87
f3c029ccbdd765b8e63b881af42f3d4b,1,1775.9,1827.72
c40698869e63dc7c57f3f66e767e7287,1,1775.78,1814.29
3895f60f6e6a89e5cfb7b72ffdcdf7e0,1,1767.8,2204.04
141b3509663d0e6c8735da7d62fcfe16,1,1749.99,1775.26
c5365631fcd0f5ae1802e798e1b7d692,1,1736.0,1916.96
d3fcacda5a49565a7c1b8a6c0e03bb02,1,1735.54,1783.44
c11f76d3806da64a4c64ea47627444e2,1,1727.0,1784.2
a43af8fbe622cbe4be01322821f61145,1,1700.0,1730.87
74a63835c6e5eaef19af58cc83f663aa,1,1699.99,1859.1
9770456b4233cdf2363287ca2295650a,1,1699.0,1755.35
9fc8316f4c0d0601664216e0a9327ed5,1,1695.0,1727.67
2f0ce2fb407114dbfa866f22c7cf9e9d,1,1670.0,1729.98
b12294f6bca2370dc2f2a46cdc484076,1,1669.87,1841.75
f94b83157ce2162d5eabd54f242d6065,1,1653.0,1714.02
f6255a326ff4c43107bc0f42f433be94,1,1650.8,1740.39
79dbe8f7d2cd77fc463cfb663ab1375c,1,1650.0,1702.35
3bd9e0cb53a95db314b55aa82f814502,1,1650.0,1677.31
77c404a3e8a4ee3808befcc4663ac123,1,1648.0,1804.05
079ad4f138ec38e726e7d9ac51ae1410,1,1635.0,1680.25
061e0d9d23f099ebcc78d1c90f94dfbe,1,1623.9,1654.46
d1c843178ca07004edbe2ac277b35bcc,1,1599.99,1635.64
9057341f069a7cd937c12cb1f46b6e81,1,1599.99,1625.94
fac9eb2c3c550f64f779646726710b59,1,1599.0,1668.74
f4c57f34e3dc2a6a23a529cf0ff17ff8,1,1599.0,1683.14
dda7d094a7c887911a9f6cadf698c5b9,1,1599.0,1724.04
da4f111c2d1cbf0d1a861edac906e48f,1,1599.0,1711.63
c1099629bd44f439554021f60cdb120c,1,1599.0,1644.36
8411ef4ebe0b18e75fd75efde5455e15,1,1599.0,1623.94
5bc4d654dc4eb95cbd977eafadb38383,1,1599.0,1692.05
55b2d632bc5b7859767c1efd222c1659,1,1599.0,1714.21
f3140df89d24aa120f087331fe18f773,1,1596.0,1803.24
1d10557878391272c010c263dba24b66,1,1596.0,1719.92
d97b3cfb22b0d6b25ac9ed4e9c2d481b,2,1593.16,1044.13
ae4b37b37bb22e37fe34ada808837207,1,1585.83,1643.04
c6b1d0d394ba367ae48f9bb69158231b,1,1561.0,1628.6
03fe4b83d144beca992a5e3cffbdb5e6,1,1554.0,1642.54
a9c1cbcf83ec6e290888cae660e49436,1,1540.0,1682.92
4dba78a69f5fb2d5ba4bdf9696e1eb8f,1,1520.88,1549.41
93bc212addb25a5f5139fded3c2ee6b3,1,1519.46,1866.7
f94c00f0411b6a3e6cbde94b120fb786,1,1500.0,1537.04
64ee3e71d9a27034db0c6a48c29d35d5,1,1499.99,1521.75
5b7b7009010e8dbf35aa64441cd01b25,1,1489.0,1511.86
361dc89b24a5dc808b2803a1ac33ff3f,1,1476.3,1518.55
34cd0f2f38a66796cfbc8a33ece7448c,1,1467.8,1543.25
145f5c920dcccbb95081ceaa800df82e,1,1459.0,1692.59
55ee0c6382f5b5f0b42a1fa608239e5f,1,1458.0,1506.68
4c21c589db03eb65cbc452fc470850cf,1,1449.5,1591.24
fad1bbf902fbdf64f92f33d010ab8cb7,1,1429.9,1500.19
a4a9f56f9f405802035afba6bc2576ba,1,1420.0,1438.23
886583680443fec2ba8b1426cc6facde,1,1400.0,1474.76
23a08414260ab2e277906e5a5851793b,1,1399.99,1423.52
0cfb94f148a3f7b02123e6f64e6674f6,1,1399.99,1527.51
3dc72442480b0d7485969ce3125d0256,1,1399.5,1444.62
e3247bedce6bd14c7ab8fac16dc46bfa,1,1399.0,1423.54
679539028487c610a89de1494fef40da,1,1399.0,1431.33
05eb062756e6d4358e72b1caf0ec22b1,1,1399.0,1415.66
72eea0b98d06729e6d5f824b1b076d13,1,1395.0,1453.3
a1a1c5083998a1ed55698a1b0d005def,1,1390.55,1439.27
0eee96b8cea2f09a022e9e5acaffede3,1,1390.0,1422.05
2be7d578854588f75b1922cf7627e1be,1,1389.99,1472.47
774c075fecf66d485d49c837d03c71e9,1,1384.0,1426.57
ef7361e14a64f77990f58e9c571e2f9a,1,1380.0,2091.33
aeb502c0c495c56ace2819cf6f9235f4,1,1380.0,1437.1
985289b5cb474a6e97bfe8c85f0aee74,1,1380.0,1415.8
20a5257c01689ac69410a14cb51bb447,1,1379.0,1767.1
da9e0576ca0ecbb67dc3778628481caa,1,1377.5,1442.79
4d402e51f4e8a128657c7ac78b59bfb2,1,1375.0,1478.95
b60a410d454528f9b70cd6fb479fba68,1,1367.7,1525.78
d3b0732fcd6b002c3ad8364802840125,1,1359.9,1391.35
5e7e0be1ac6b95219cd8a74b42881f19,1,1359.9,1391.13
12ee9e2cc00e2a5156a2d869b82938d8,1,1359.9,1391.35
d409c5590a75603ae1fe24d66d5008c7,1,1350.0,1394.77
78110b00006c6033e83ec0e79ade3081,1,1350.0,1433.04
5993c0ed4bc51b72a8332bb7fa4303c5,1,1350.0,1644.76
79e12483f9b14c3254db94bd137a4b70,1,1349.0,1480.73
e92a2a874e305a7e920b0a0b308d5890,1,1340.0,1372.25
6c749436fe7ecef4596739d31d1d8e63,1,1330.0,1354.06
12138e8ba93973c9b561253683f5581b,1,1330.0,1638.35
4bdaaab3c645dd18eed3c3bb8ddcd6cf,1,1320.0,1369.63
f0d3389b217aa61b5a66744ddd694cc3,1,1319.4,1603.08
8e18da3436d8a163ab9540768a94b22d,1,1316.0,1507.56
459759c02362af7a218dd2fe035b3c07,2,1305.8,781.19
bce40e163747be50b7bb83f016591e0f,1,1300.0,1338.51
aac441a39c3a5649e0378fcd43a9ba9f,1,1300.0,1338.51
749917bd024cd0718406bfaafb482efd,1,1300.0,1328.59
753bc5d6efa9e49a03e34cf521a9e124,1,1299.99,1400.74
3a2a12f2fd7c80c8c73846ad8475f2cc,1,1299.99,1426.81
b9aad088d2ce9501d59cae5754b67226,1,1299.9,1325.44
9dc7e983a9dde2b110ca06f7547d6b5a,1,1299.9,1351.41
de4e3ce43bd5085fe445e08c68b950f5,1,1299.0,1322.97
314b61600e5228a9dfe7623fd25ba846,1,1299.0,1323.3
9eca552063680b7cd2ed0e8aea002b21,1,1296.0,1482.24
33176de67c05eeed870fd49f234387a0,2,1293.5,1254.01
3d540559ce0677a17f45eab0cb113c8d,1,1283.64,1442.84
fb71ed60806ae68abb00194fa02647a4,1,1267.2,1341.26
58cb2f5bcf3fb5994bbf852e86978047,1,1259.0,1354.09
e4b98eebb8983cade8610c0def59f705,3,1255.99,760.01
fb5326fd8dd9f7f52bae66d01fc54936,1,1250.0,1290.79
233ceaabd644ab5ae86989bf16b4d70c,1,1250.0,1293.27
fbd4d7e33bef85ee6e10995ad94ef88a,1,1249.49,1299.28
3ab2f8203c5f8d73a1260109eb82eb20,1,1240.0,1291.39
b1324928500c7eb187957630199b6113,1,1235.99,1258.73
12ab9334b1240d6d037f2b0102a49571,2,1233.92,1297.47
e4f9bcad0c607f8793a0cd5943d11dd4,1,1200.0,1245.09
b61b38d88ef98dd66fc100efabad2557,1,1200.0,1232.85
62a459e5629b03dd73134964df732077,1,1200.0,1251.7
3e45a109987cde39a119cd1a7eade7ea,1,1200.0,1220.0
1e497c35c31d2c947d234488eac62e87,1,1199.99,1233.42
e403044f5e830582e39dec1f4aefcf56,1,1199.9,1222.46
e0ec68a8b0e7ef75d72bc0dc54aba121,1,1199.9,1257.96
60a22f2188cd2b544c45f103d0e00539,1,1199.9,1740.21
fdfc9e2e8e67be832f8ef6ca4e0f2be7,1,1199.7,1264.17
b92a2e5e8a6eabcc80882c7d68b2c70b,1,1199.0,1227.78
ca6d9bc2e717c2a0aa19d77a3bfa5398,2,1198.0,1237.39
6f692962aeac7cd4a868499095b24849,1,1198.0,1418.86
6976991546a290faff14b82abaa65779,1,1198.0,1344.82
35b887857d9e7902094a37e9f2e51796,1,1190.0,1368.11
0af81771d11ef9e0807a929428f9558d,1,1186.0,1246.9
2592789c0e70f4d2af39afae4dd431ec,1,1175.8,1289.0
1f98d2384ff7a372e6a2d3bb75cbcd54,2,1170.0,1381.41
0cb6bcb4572e64a3394ede6448db0482,1,1169.0,1228.73
d5174582d64f45f60fb275eb5e4e085a,1,1168.0,1290.32
6411590d91c48640cb07e72fbb4a359e,1,1161.0,1619.73
c4c35b9d3d1e2564334d3154ff7d28a5,1,1150.0,1203.68
5193199e9fa14917b155ca22087f1ca0,1,1149.65,1172.45
21bde4e982c4681021edabb899bcebfe,1,1141.0,1304.36
963f8a6917ac9271090988cf4595042c,1,1140.9,1161.47
568e1051db19b1168ae71bdd8e98262c,1,1140.9,1161.47
aaedf12224e003d5c349202461059c8b,1,1139.9,1218.34
3b0610a6b6c37bf5e849e71914f238c6,1,1117.8,1246.34
fc73438d7164cec52a643a09b10b503e,1,1106.99,1161.18
b7dfe0920bbd2c5fc78ce89e7363d48c,1,1106.99,1138.39
7a4a9aa0d9218320db34205e04d29b03,1,1106.99,1127.29
449f7f967e09fc1d188234eefb6cb5e9,1,1106.99,1140.82
903e36e2f9d5ec112ba8b374216a192a,1,1100.0,1129.57
38a4f1deb45ca914dd13c73b41775d71,1,1099.7,1440.1
aada65f37d70fd659662a2fdc9b5ce45,1,1099.0,1173.56
143b3bef03194ac68037506e6fac66a4,1,1099.0,1196.78
13a820054b49008f130da176c4e0487b,1,1099.0,1350.5
09e9991c50513a303a2da26619870d7f,1,1098.9,1230.0
0aadc1d26d1c8b88a52c39a533ccea93,2,1097.96,1218.7
e17c5e546a7f8202925fea16b4d14741,1,1090.0,1110.2
fd03997c82649affc061d275ddf1f3d9,1,1089.0,1447.02
3442a61b2d5bfd9d605d6943701ad650,2,1088.72,1214.78
949a5efc8cd62cbe3888026bd0ddd1f6,1,1079.9,1244.74
98af4f1390402d0565507f23c89c76c0,1,1078.0,1152.62
f2c91a2cf8ce8e8cd3c26cc26fa7bdf4,1,1069.0,1111.61
5a494c648fde2d1ec4eb614274ea7159,2,1065.0,1703.38
3961601c287bdf0fe34304b40c5692d4,1,1058.0,1082.66
f0f8fdb82b298c54b772345315e19e49,1,1055.9,1078.92
b4fde3f3fc1d0fefcc047c7fe0454c93,1,1055.9,1083.78
1ff3cb11d59e1782c6fc95912849a62d,1,1050.61,1075.74
ecf7874aa8a2586adf6ca37fab21ecc2,1,1050.0,1371.88
0ec5bddf9b389fa7c737a2db61b6577d,1,1050.0,1194.38
083e14981d81da62df32871d3c1eaab4,1,1050.0,1071.1
29765d0cf37b86c4abb8b0336b387c65,1,1049.0,1075.83
41c3c9562b8a80d747fe2bd3c749640f,1,1038.0,1125.58
29b46d84126aa43c94c6608eab583a8e,1,1029.76,1356.8
4eb57395b615d5f5b1b67d08e3e3eea0,1,1019.0,1039.74
94431ab24129f0060b53a89cfd62462f,1,1017.0,1048.64
2846c0c6219403dd2c92c53ffa41453b,1,1014.0,1191.48
35ee1e377c72035d0556e11e1da4cb87,1,1009.0,1153.09
2ac5e7e1668d672b41e9000fb19bee20,1,1009.0,1031.69
e105dec92cee6465244879914c792707,1,1005.63,1069.22
db3d2c340a500126dec4308cee9135ae,1,1004.99,1040.01
68497ce04e9b12cb402671a29acdf6a2,2,1004.99,1047.15
7b50def89c51f42400b796d7787ed658,1,1001.0,1052.14
38d92612568ca6e3d6b478e5fb004a6f,1,999.99,1293.26
c5dde81a4c503e4f3ad33d87bc314185,1,999.9,1096.98
d38553a9c8d30efc45e02381e606740f,1,999.0,1069.41
b7c897200ac65c43a131e71b8ae3b8f3,1,999.0,1030.44
4c0e1d9b129c2f187335b0b12f52f961,1,999.0,1037.79
36b6bda8a3ca33a3df452dd5c13fdfcd,1,999.0,1043.51
222543b13fefc85279037e682dc320ce,1,999.0,1037.79
d0ff23ecd52e29e9426030163ee07a09,1,998.0,1080.56
1883e6f6e7da56b180416cbe13ec15ff,1,998.0,1042.51
a7986e0208cca640dd67c245525231b2,2,997.94,671.49
bc9c66643dcc92ad53dc9805bf199c8b,1,997.8,1040.64
91dd3e913cf5d632ce605a3689a5126a,1,996.0,1134.44
d676376ab8f82dbd630410cebf3165bc,1,989.0,1013.8
b48f1f3c7b8375b6d250545025c4f7e9,1,989.0,1014.61
b48c5a138371da90badcbc94338b2afa,1,989.0,1017.63
86f44dc0c704ff00e833ebe179b9641f,1,989.0,1002.79
81f5afe83c873351c6089ce0ded7dc2e,1,989.0,1008.95
5d227535a37382849a9807bfc7c31fc9,1,989.0,1010.8
2d76a299ed106e5d6c3ad726c1397376,1,989.0,1022.65
c96e04d30d9707030553d545b2a6837e,1,987.0,1019.99
b6a70553f73cde17709a32cb714a40eb,1,987.0,1020.35
954b6a550ffb6576fb60493b684a65de,1,987.0,1040.35
94e648964abc6dad803a114aa98eb4b6,1,987.0,1014.99
7f6fd66526ed914998d483cff9b7bdd7,1,987.0,1025.71
7119bf7ae87ab97626bb88f4752bf43a,1,987.0,1005.81
681405a99faf3ac8afc2dc018a3f67bb,2,983.99,1028.2
42ef0078e2b63542c1b07aab85ab8f63,1,980.9,1243.62
3660e33bc132658a08c234cc82e6d0cc,2,980.3,620.37
ce69ec71365638934e125300dd5e2d50,1,979.0,1057.2
c47ec91fad63554dd8fe3e33188faf7d,2,978.9,1021.95
5953b7dae07c8ffd6f76f5a86196254d,1,977.98,1002.71
a5c93e7b12545f61cbf92efa2d77f1f3,2,976.3,578.81
c9c0c82af514e815fa47534f71113ebe,1,975.0,1003.76
32afcac85e2ba27b9db02f95529a9e2e,1,975.0,1083.96
2c90fdbc33c7a6f301f4c63f0c962b3f,1,970.0,1008.3
2f3f6dccce404d1c38be34db1fe4c34e,1,968.8,1020.19
77ac7acda3a0a190fc5b9b6f4e36eae5,1,968.0,1038.36
da770e408aa9676741518c3a9bef3c6c,1,966.9,995.6
49482ea59e5df9ca522b982c7518dcaa,1,964.85,1163.25
dee6a650840de087ac42c4367bc9baf3,2,960.8,591.56
a4585eb1763f581eae8562642424a638,1,960.0,1042.51
064fb6f70338688d1372235d95d92ff7,1,960.0,1308.18
f7495a8d48d05ca657eb075b905a1b8b,1,958.0,985.76
a2958412c124f154e9107c6a0efa13fe,1,950.0,979.45
1c29d6a67b493c85043b7252908b095a,1,950.0,1082.51
d028f19f3afb163c53c0d6f3592216a4,1,949.9,982.63
b7a117351f7b0f426a78d5781f2dc328,1,949.9,987.2
a823bf289185646e289706549dfbb011,1,949.9,979.42
9047436c514a87a1883a323d60046913,1,949.9,979.42
858ec48dbaddd52e729e8acdc8d2d108,1,949.9,994.77
62dfd7fb99b98c3ff0bcd6776a261549,1,949.9,1052.36
aaf7ed8313a90b1735dd28ab46546b30,1,949.0,984.26
7274ae148f7c9ce03c8bad60e976ed24,1,948.19,1021.48
41517b30c9379c6bef376702f93e8de8,1,940.5,962.52
9a27ad21d3df090fd9c8bc50f9899390,1,933.98,954.24
c4536b58064f144d0538c9cc69c2765d,2,932.9,607.55
5e9b9a8a03e7eb90d53d2ef2592b7d53,1,928.86,1086.08
8bf0bee0027b22b94806d1908358cbbc,1,922.7,968.51
9e5284ac854802751a60f20a92504f7b,1,919.6,987.8
770c6c524fc389b4cab878d19703745d,1,918.0,521.07
ed8c8bc9940261780b4fc1fb2129e55f,1,916.0,939.98
af0eb01dfa9e3591fd168dd649b1b58d,1,914.65,954.85
4c6510d1e218900ff6c53c32b9d5970c,1,907.9,991.55
9f93044b0156639ec44b7ecfca3b9c31,1,900.0,975.05
898c64f6f6832078c1ea7f006ad3a54f,1,900.0,1005.84
9377b864e58027ffbdebe52b74277700,1,899.99,921.05
5897410e62336f05afe673aed70c88c1,1,899.99,997.54
32cb21bc086b7b1b26c8d8a6cf2d35c5,1,899.95,1223.7
d85413bd3090d6a1940f4d349ddbaac7,1,899.94,936.99
fa230c2d335d24b666868f28388e3845,1,899.9,980.33
5113d06fbde1e82a393b527636c90b5f,1,899.9,939.9
6b99d13a1a3299af3a6261bc1263d3e5,1,899.8,1247.36
1073528f48c54d7e185df57a6ee88448,1,899.8,1148.88
9271b12d584732342f9ab94f9f08dddb,1,899.4,1023.72
f6a518ea0bd168bc5f9a8d1a7c187314,1,899.0,1003.08
d840e8b1df1db46b4d073214c0e5afb3,1,899.0,923.17
c0fbc7a49c439d1296458389efdef9e7,1,899.0,1046.56
ae8ee2242d25aa7f3250013adc7474b1,1,899.0,1046.56
8fe3952a1127c277dd7a83fd5fe96edb,1,899.0,966.48
83713f647f81aaccd6a0826b0f8d5b93,1,899.0,932.54
7c39dd24356572bc221e519ffda3bed8,1,899.0,917.73
37ec72cc9079a6522951b4a0dcfeb219,1,899.0,923.83
2a4361333837befa20e4637ba9d9ad80,1,899.0,940.65
1b9c0988bccb820c5ae423e3205c00a2,1,899.0,918.31
1b57eee21c47dbcd808f23d6f5e50957,1,899.0,920.05
c7325ee1a92c0c0d4b95b8616f0abcae,1,898.0,939.72
824de303ad09beec4bf7531e74f3b721,1,898.0,1044.03
6551775fe8fc9bd339483cdcf4ae51c0,1,898.0,927.28
4b4eb72ddddf8774c7c522b86eac0a68,1,898.0,977.01
3da044832d726bc92b3d898b249aab53,1,898.0,923.26
b98eecd39d6fda501e8f169721085a26,1,897.0,968.88
06c0e20a617982c7a5113459fde779a4,1,897.0,945.78
9de5797cddb92598755a0f76383ddbbb,1,895.0,916.02
58c59e12a9aa68ceb0a0e6ee51abd087,1,895.0,957.6
1526fce690df9265b9e0fcd4358e8f6d,1,889.0,917.8
cc65d08fa1d799911f5237365ce38bcb,1,887.0,913.7
bc4c267d1fff333741dbb2f6a2643666,1,887.0,913.7
8deaaff82a1e3dec44a5e59ed5f67574,1,887.0,907.99
23cd2fcf316e2f6bbebef0e2d6a43ff7,1,887.0,912.65
4ef21f52dd7c061a646005b11918cbd3,1,885.0,1023.9
31d1ec8fb80004b9a556acace88a9468,1,881.64,1053.84
59b822e7c7304dced326064c6971efd7,1,880.0,1034.72
9509c1d589cc1255e4d19a1dd39d1b87,1,879.8,912.0
39970ad502d08af64974aa8a8379df75,1,879.33,892.75
f5a6aeb6cde01fcf0c35caa3347973fa,1,869.0,910.07
bb7d7c6524f7188d3e68a33b68e758e8,1,869.0,913.13
ba262a1dd923939c9c88d6eb2e657d87,1,867.77,886.96
0fb4497f568fe7c3859c3c43d6be7277,1,867.77,886.96
3d20f9eb3b573ac7c42e3888c339467f,1,865.9,898.51
1dfbdc636de09adbcdbc3d34e15084f3,1,862.91,953.53
7bbcad674e8c0ed95d070049efee7646,1,860.0,963.34
a5bfa72dd72f6b4a64286ae84022c7e7,1,859.9,874.08
6781482ed74bdebe40ed95e76c965498,1,859.9,983.64
f9172a6495d46451776be8bc8e46032d,1,859.66,1316.14
59d66d72939bc9497e19d89c61a96d5f,1,859.0,3559.99
a7d01453152539afcb6e419a6decb67b,1,858.0,927.6
96fa3370602b1999508a71f7aa230747,1,849.99,904.59
2c10614a03d9c0368d939ba56d0b54d3,1,849.99,870.69
dd8c09f1b309c9ffc302c745550a9ff3,1,849.6,939.72
487e7e69517aa5d6fe673aa3d46acf06,1,849.5,1079.75
0077dc76aaf02323f03bce9b00878253,1,849.5,874.42
f90f564603962bf9d6ebac2e616e46ed,1,849.0,872.52
6a1f7a25a12bb8ae6c861e9e47db9ee7,1,849.0,958.39
45d4fbed807eacc8d7d5b99247a16a55,1,849.0,903.04
1c13e7a690e418f5a133c8a219b5a124,1,844.0,865.01
cbb8672239d6aa5041fec7db9be70971,1,841.5,874.9
7a78c6e53163e36c68d2f22f5909b0eb,1,839.99,858.31
64fd3945dc867912231b45f537215126,1,839.99,896.37
f832788250010b941df1501e6082bc87,1,839.0,862.08
059063072de58e5a847e76c4593d5629,1,837.8,873.86
b9cc54385a16364650ea5c9d26c212d9,1,834.0,928.68
d97d249adb08a313a18cbde00620769a,1,829.0,861.86
8cab5089cf309b5ee530574382dd195f,1,829.0,852.37
616dfcfd995ac141266ea0c05a2f72d1,1,829.0,847.82
302be2cdf5c3cca66741fd7da8ad5fa8,1,829.0,867.95
31e412b9fb766b6794724ed17a41dfa6,1,826.0,1014.02
56fc8317d68752ea75f6480c905f12dc,1,819.9,850.92
af5db90ed4d85ebdf407c1507f5e3f3c,1,819.0,848.93
30b6d255385abae403f9df02c1948d74,1,819.0,839.61
dd8253fe17486f2e2cbff105e36e4a55,1,816.9,865.97
effa3ddcc2156bd137b576c00aeab4ff,1,810.0,846.7
edb2ea73fbcf58362cc76941af7f3dc7,1,810.0,836.16
37b724372b14d67a4296519f579d8697,1,810.0,853.22
20917cee243e32974933fca49feb2829,1,809.91,842.31
8ad37a8e909b633be54a0dc3e94c7a04,1,809.7,1097.31
98758d88bf4b8eef1372ddee45d63178,1,809.1,997.96
2801537af8bdc2b1cd9bb14862b3f24b,1,806.97,856.86
eddc2346415a981ae382c62f08cb48a8,1,800.0,822.04
42f4968985f42ab8bb656fc5d9b5967a,1,799.99,854.33
1f2bf1747024339d1244de142d1ed2e8,1,799.99,814.6
1c6c028831cfe21ab6c55c8f455ab2cd,1,799.95,1024.4
7f76b3a2c201b6a4ac7db2639e278d7e,1,799.9,828.65
2d94b4d76656b186b0b717c23ed66273,1,799.9,823.07
74ac946f1e9d688ca07e592a8dc816ef,1,799.6,868.24
747b1a43c13823a06550a03a89f879b4,1,799.6,851.73
eb9829b9e4003dcb7ffe5a6fb98682a1,1,799.0,819.47
99749d7ee01657cc0faeee7de4fea874,1,799.0,824.08
876a262de02307eaa2e7c5c07627d850,1,799.0,819.35
164034d842a1685fbfcd16525cb31bb3,1,799.0,893.16
d387ea85dc301a91740e31360d355686,1,798.0,1290.88
237d3fdf39cc51a07103e9b849d2caf4,1,798.0,1006.0
18721874fc1a8af5a28e2e8525ec39ef,1,798.0,978.6
13c8cbdeb5bbee831faae66bcd11f9ae,1,798.0,846.52
22eecffbc2e4e56747eb329d96051962,1,796.0,889.28
f3943e27b0466ca8e247b742ff643d5d,1,795.0,858.65
48ce3450c17d577bbe48dd240380f088,1,791.95,840.63
d7b918d0c8219843c0a245d589680a60,2,790.86,871.48
844a28de61d1ac7d158f276c74cd2f8d,1,790.0,859.02
1f4579881fb0fb755d56d2f832d64aa4,1,790.0,870.11
d85547cd859833520b311b4458a14c1c,1,788.42,809.7
5336f61f924dcb211eb237913264ba03,1,787.96,914.68
4771566fc89f5d397e662758483df828,1,779.98,799.94
6abd878bb355f29f91678a8c7512da0d,1,779.9,822.9
33030ea3391006100c10dbd8294c3e6f,1,779.89,800.11
01726e5d6a88d1a8dffd9578872ce54e,1,779.8,834.94
61435d982420fb720f85d1bb6047fc6f,1,779.0,819.31
66ffab11964dda54f46a826323635120,2,778.89,814.85
4011b7579e894fa929d2de97b4928f41,2,778.0,888.5
43021aab9a83c6dbbb1fe59ea3bd690d,1,775.0,829.17
e63d5df8a0afa912236598e1d605eede,1,773.5,813.41
5a85f706b2059c3cd55287e105d8d5ea,2,761.2,464.01
755bd86af4572db680ae4004e152298a,1,760.0,902.35
4e799b4767b0e414061f5d39f67ddffb,1,760.0,845.81
f62f269f9ce7c41d20a90f70df873f42,1,759.99,780.16
fa20a344d2bf1c88c1c84d1f8c91f5b2,1,759.8,828.32
72abca5882f678f5f0d97b49ff8abef9,1,759.0,781.88
326f90932ac2757f3bd15ab01a1af8b0,1,759.0,803.24
35f117d30dd8948f41e821a27e1ffefd,1,758.73,852.49
eaa192a5c3ec1fe7b69598646621fe63,1,758.36,931.8
9abba9caa203cd4344b8c918d6ade26e,2,757.98,419.38
1da09dd64e235e7c2f29a4faff33535c,1,756.88,2164.4
cb923e4fcdbc3c7a091a33f5603fa9d3,1,755.99,782.74
9f2dbd2760e261a9735db254ddb9468d,1,754.0,804.52
a176838867d89ed62981cdf02b7ca3e1,2,752.78,461.08
e91b8b52ead64f53afffa45635f3bdff,1,750.0,871.58
9fd78a86bd195a1e4b70e33c25d755e9,1,750.0,818.4
5dc7d2b0ca8e2ac6a47295fa4d19528c,1,750.0,793.09
4d4d00884f3401e960f4650cc74bbf0e,1,750.0,799.87
1016f617c9252331c7de150155a790d9,1,750.0,836.7
086ababf10b0da6e13275efcb692b3c5,1,750.0,767.69
c42bcc96458e658b55b24e3a705772f6,1,749.99,789.04
7721bc1f0b8910122bf9b46c59922fbe,1,749.9,777.73
44a90aebe64383d8d551ddd72bac9274,1,749.7,876.5
1db803b751b472b524ed047aeec4fabd,1,747.0,767.33
463a32dcd8a292c60601024be014d621,1,746.0,777.76
dc1ffd302d6ad854b190c4b9309c1283,1,745.0,786.5
5b0b6dbdc41527329d49519d7bf30866,1,745.0,780.05
fb35ceaf4fc926eb1060690896bcd582,1,740.99,759.2
fd9d39fa11a8725fabb15d0ff706251c,1,738.9,764.52
3d8a6458539e83a8f9decef0d592098e,1,738.0,758.93
633aa358e90a435dc47a30af5a0a832d,1,737.99,804.12
cc01683ca3f5fadd819ec762f7f1252c,1,731.86,813.44
d986e49adb130cd15e3a6cf7505439d6,1,730.0,785.72
cc6197eed38f9568999014e872eb432e,1,730.0,757.42
337f122abb707c6c693b474038ac8d98,1,730.0,783.26
2ee479e29ac6b1736028a090f8ef923c,1,730.0,803.92
c384543308c9d1e2f67117fc5b483573,1,724.0,745.51
74182c655b0270d9dde23ca43bb16a2e,1,721.5,998.49
a891c118adb7698d20d44612ec045a38,1,721.35,739.42
34d2df64e1dfc6e8922a50939467f2af,1,720.0,751.28
5cf84c2ebd6a4731b683fbb28c871b09,1,719.98,911.62
cf535b89614daf41d4d6ec7d3226c5d7,1,719.88,741.18
0becec3df826cb50f107c7a99cb44b90,1,719.88,740.62
6cad2595071b142d5f90563f43558cc9,1,719.7,1184.24
f9aca7474d36ec58fc20962c384959ce,1,718.0,893.62
dcee1e44ded6f1bfc5b4988d771243da,2,717.9,793.57
2f20ea16649c9d29e8bd86a7d59e8c11,1,717.71,744.66
e3e230139a65ce31760fb45fa38b874c,1,715.0,734.09
d57588ebc4ba515d988842c032981845,1,714.0,796.02
4d27b5e8b1dbf35db62bd6891f7fb0fd,1,709.9,730.84
a0f0a2082b269a9715ba874c94b592f3,2,707.0,492.74
c9e88dde299927079d22c21f72ba6e3d,1,701.4,931.62
0af334fc660bfc9c75109752cc8271d7,2,701.0,468.39
4be79b1ff8bd2255021c80c3bf64af62,1,700.0,769.99
d646ec1a438d3c3436dcbbda21849479,1,699.99,727.47
c2a88d9551b1cdb6ed5f3177e8c71523,1,699.99,862.39
a56df37f1251ec47d5ad53dab3043f38,1,699.99,1321.63
82e8a807d0dbd790eb24dd815a2c0998,1,699.99,738.16
1bd5ffb847db8a89dee6f626e863713c,1,699.99,719.65
ca994abc57b0bd7981d91d0061b3d8d6,2,699.96,586.3
85bef48ea3240619e6971a9c676d7807,1,699.9,713.55
83edf3aeab5f1a4229ee95cecd465bfd,1,699.9,720.77
8b160faff469868625c7c82cbd310636,2,699.63,871.53
caed32f02c126f439d47e249ded527de,1,699.5,739.72
a5c3e82a63848cb08546796194121927,1,699.42,715.34
918fc1e0f62d6a9c6329dfd85e965e2a,1,699.4,715.32
d401b738861201747e01d84768cd876d,1,699.17,719.76
f01c66e4f31c07264f1e67bbcb588842,1,699.0,718.99
ccd33372e4b64689c64e1b37550f6666,1,699.0,756.49
c9f52d499ff007c22b169c6fa9b0490a,1,699.0,732.68
9328041b31be172969af6b4ad2289bd7,1,699.0,714.5
81b72ea18e532f09927886cfb8966ef1,1,699.0,719.33
7e99525fc257e23fbaf5bf655575749b,1,699.0,718.64
7b3a9396e5e5750ee23a07ee6e78c107,1,699.0,719.65
73ab88904d8a605460b77ac0b8c14fc1,1,699.0,721.99
660faf14e9201af9e1c4f65968010944,1,699.0,730.95
63ebf3d11427af1cd9f0ea16e97d2e2e,1,699.0,712.71
45ca4053806ecd0f595c633184e0ff61,1,699.0,879.86
3fc2292112ca0cfe78318b9ce6593e30,1,699.0,741.44
3b19e6a1c2fcaa5955cfda05706faffa,1,699.0,874.67
08f334e84bc7ab7b588cb7fc77dd7f4a,1,699.0,1570.4
270d33edea98d1d8908260bc4b2f4bd2,1,698.9,744.18
abf410b2ca80a64cc2836e9f2d5d2ee5,1,695.0,803.04
896283d8bc7fdff277edf09e539df880,1,692.0,765.84
78a6273ccbe430ea32b3d354c8eab5cd,1,690.0,711.74
5700e3ffb7f0709a625b50dc0f0a3324,1,690.0,710.59
23a48131bb6e8568d449882ca0911745,1,690.0,751.37
d52934cdee614fabd81523e947cbd409,1,689.9,781.74
c6bb5c25ffd9f6d6cf906c1753179f75,1,689.9,845.01
4018dfd7ddd89df122db84f6279a4864,1,689.9,788.71
c1c1e07ab2c080ce6f5c3e8b621eff38,1,689.89,720.98
b74721ba5a1ebdadc2c934e21b7e208f,1,689.89,712.29
a1aad80f12918aa399ec076ed078e5d9,1,689.89,716.65
95d07399a9d4f8d0322955bf73649741,1,689.89,730.04
93d8bc9752627f488ffc7b5723527bff,1,689.89,738.57
55358388564c39b1d171621395ea2544,1,689.89,738.57
4a86360d1150d82f8928640d7355653c,1,689.89,710.48
2250f262fc767f785309548438ace190,1,689.89,720.98
0804b7c052be7ad1e35eb32f8b92c5cf,1,689.89,738.57
ecf191d9e1cfa4d03cb300297efae837,1,689.0,706.84
d0b7a41ff188f16fce4f7ffb2c67a5a3,1,689.0,807.47
14eb8f180e208b9805e196fccbbcfd13,1,689.0,731.37
fffcc512b7dfecaffd80f13614af1d16,1,688.0,710.7
92f39d90e5d38bfbdd8dd4f7bd3bf49b,1,688.0,714.53
ffdde6e4dcb6ec3a882cfc6cddef7996,1,687.0,796.94
f475dc24f1a2e37576b20e8c23970543,1,687.0,729.65
9429db44939723fc952317ec592c11e8,1,687.0,714.18
d0e64bc58be1c0f1763f60935d95766f,1,681.2,888.84
c373ff22a7aa4f91a4cf85688e7b3f75,1,680.0,737.36
7538ab19c6d24c3b66a0986332fadfe4,1,680.0,873.28
23a92795bca68209a5d5680fc17fb221,1,680.0,838.38
60ca7b9a3d66cbc1568e81f3f8332c11,1,679.7,758.26
0096c18412349537abc45e350581cbbc,1,679.6,770.24
ddd6dd5bce5afa714a88329c5091adc0,1,679.0,698.5
71570c9b76f11df814726260cf634fb8,1,679.0,698.85
2e3991c453b7a3b24907879771ac7818,1,679.0,701.85
14fe28ddaeb1c821b132701b9c254087,1,679.0,697.23
406bf961029dda3572bfe1846b3baa56,1,677.6,760.32
05cb25c0b98e8d6f839049d97adfecab,1,676.0,814.37
cb63cb03a7c4bc9edcdd6e3ea0918ce5,1,669.0,688.44
976e8620250776abce9c919efc2739b4,1,669.0,692.65
727cf95c2abbc5281e538936d22837e2,1,669.0,701.04
64fb463343b5d80c73b868f1f9dca22e,1,669.0,696.61
0c1cc81b5b8da875cfdefd97955dde75,1,669.0,734.14
188b4725e34369a393ae43a6f7703876,1,666.89,878.04
c385f43894ac5ac31c50339ccf16e8f0,2,665.6,369.72
6ca6ba9784c299b15a7ffdda7bae2927,1,664.4,750.49
7eb01c1ef439cd15ed3a4cc601d15dd8,1,664.0,702.41
30d13c3e324acc4ee50bda3e4456c644,1,660.45,685.56
d1085742841cb2fae8916a506086de13,1,659.99,685.69
36d4ac720e881bac650bec8bb9de57be,1,659.99,678.36
ac361705f4d9cd1028b21fa5dd7a2b30,1,659.8,724.21
eaab150f32fb7b6b7c8adcf8db52e58b,1,659.0,701.13
1ff0504d2e5524b97f481f478f6ae770,1,659.0,823.16
167598f3b3a218d8e76d71ee3f1fb6fd,1,657.8,942.78
d6e65f3d6d6f578c3f862652505f3392,1,655.0,676.84
c75ab79eb3eaaca757f3ce14b8afed74,1,655.0,676.84
3129ff2f82dff6e27510f8169e40ea2d,1,654.99,733.53
fcf38c68b308ef4f51873eeb966ceb75,1,653.4,706.71
69afe7c27aadfa869ed76ef5342a4b76,1,653.4,751.08
5a8fb123a20a0c9940c8914dcd6a8f67,1,652.0,669.0
e9feb443162e083e5affc833800cb8c1,1,650.0,754.16
e78981f99d04de4f43f46d261671bf72,1,650.0,742.47
c29cf2e62be3359b74f7990382a24777,1,650.0,778.47
b9d8cc4f4985788a80e757402dfa5514,1,650.0,669.3
95525127999a756443df590cc5aabe88,1,650.0,788.4
1cf8baaa3547b7f159e6a59b3ef324d6,1,650.0,670.04
1447b1e0484692a68d0c42a25d9ada01,1,650.0,714.91
0ba9d9bc5f447c3741e7dac86c8e13cd,1,650.0,692.82
00bee19e1199bc5cede1c674177b9e22,1,649.9,673.69
a679859aff4d4e1615e18ea972b9aad2,1,649.75,668.47
aa6136c2c6f68032e96438b83be84056,1,649.49,673.23
ba1a0b654ccab39f3691fbc1b35c2499,1,649.17,674.33
fb91a4b0aaf08a505d488c7c5e42fb4f,1,649.0,660.41
7e4e37862320e42bd8cc10e7540c083b,1,649.0,660.41
526702b617eaea06b94a93af17ad720c,1,649.0,675.0
387ad0eaf2f2ce4c34229a5045e1e8ff,1,649.0,660.8
379dc556ac82dbfc98ddb8cce8f6a404,1,649.0,675.86
24732648c0b38537c172c35330411328,1,649.0,668.3
f3583c1f4a492c319e60501645848fef,1,643.91,689.52
7bd511dd409b8df39a6b4a5c029cc973,1,640.99,673.47
94aea9aae532453c72b6afbfe0eaec10,2,640.92,495.17
b502f79ce13a4cfb120cf5cd50f986c7,1,640.0,698.9
608646d3514cc48a27d666e313cfe0cc,2,639.0,469.37
b2bd387fdc3cf05931f0f897d607dc88,3,638.46,638.77
431af5c5638973ed6e431618f318a0a2,1,637.9,671.85
a78a4ad13c69eed63a40707caaf80337,1,637.3,779.77
cb85c247e17145a2883f582786099f12,1,637.0,658.3
9df702938d6a4077c00d78744ff36234,1,636.0,666.71
14fb2fac2275eeaa6b646e14a0bd79cc,1,636.0,690.32
8ea8b926af8086a391b130944d230549,1,634.4,653.72
37ae7c58b4be022ce76874059d56d998,1,634.4,649.86
acd7af4da419afee85373166387d5799,1,629.99,712.22
09eefdfadd9f432c75355f95f51b2da3,1,629.94,672.82
4e722092cdd72c0e41544b0336ca07d0,1,629.9,654.8
3eb52060efbada1622812518be2ca118,1,629.9,761.53
bad8035ae2b6cc5caf446ec291f624a8,1,629.8,669.96
ffebb6424578e7bb153322da9d65634f,1,629.0,665.7
bf43438bd72022045dd46ea7d60008df,1,629.0,711.57
4a2cb078cabc165954e87bc0d80f38d1,1,628.9,670.85
de94babd284639522797831b81b3d239,1,627.71,667.56
1699973a2d62d4b25f3a74da61e22539,1,625.6,654.82
9160831db912b9fb5f89d075588d68a7,1,625.0,696.15
e73e97b69887ff2806910c7f9afeb471,1,624.7,702.18
a59169a3afbcf3dd2c01d3edcdd7d024,1,624.19,760.91
c06c4cd7b04f7a00770b273e06452f6c,1,623.0,646.6
a2b3ce5552d104942d42485e8cf59397,1,623.0,643.84
df6f3b5db21d0fd050af7ef95bfdcc95,1,620.1,637.02
2c5bafa2e3d48ca7b446921b05d7f5f4,1,620.1,641.18
d2f0b9e0fbf779c60ff56f493ca47cf1,1,619.99,639.43
25f2a384fa2be0af7d759ec22bd5e88e,1,619.98,648.82
53b50ff62f179c6a3ba2396e6c360666,1,619.0,678.85
37aa16c68f12a40642fb9f2cb2555db9,1,619.0,645.26
2ed0e4f6c18fdb9edb131c62afef644f,1,618.9,738.53
0fbf75396ef53a6edf84b3600614d2c4,1,618.0,683.07
e5c943fc426c1668b82841df2906df55,1,615.52,673.5
8ee0c2817eb10422ec6c436e4d7add6b,1,612.91,634.45
1b7d5ea23431ef1368ee0a5ac4782aa4,1,611.0,671.51
f7eaae0982d5d8ff27c56373895d97de,1,610.0,700.89
405f6492f9044e2046871cab35da8702,1,610.0,647.54
8fb12357cb2cfe6d2483378ded936f04,1,609.0,655.67
6f30e84188d9aa47cf1d4688763ef90a,1,609.0,675.94
5e8f38a9a1c023f3db718edcf926a2db,3,608.8,1114.18
d4e6dfcac8c74ccb645213f3af53bfdb,1,607.95,630.09
902814c1c8358134a2233279c4e8463d,1,601.8,632.74
8c6de572aeb6aa9db9391631b5bce93b,1,600.0,671.8
77fdce6a79a829cf17915ce1f2c89e8d,1,600.0,725.99
090b0facc5a4b9fc9e0f5820ea9bbdfd,1,600.0,742.65
b0635c2bfd67a248940a19b7c05b8e0f,1,599.99,623.1
8028fbabf6123c13297c82f4393a4724,1,599.99,618.95
4afe0d8251852833cb34207de8093acf,1,599.99,612.54
1bdafae1c7027a28342348f48574e3e6,1,599.99,617.79
13071413b2d7b730db1cd98a4611f2b2,1,599.94,765.84
e279ede4d0a73bc22e97ce519415dcd4,1,599.9,623.34
c0240a9d8bb6be66236d8b8cb7895603,1,599.9,622.64
add5ba9046c7f5ed34507bef1320c6e8,1,599.9,630.95
a8be3db3424cd4ae937c239b3ad513e7,1,599.9,839.88
8b1f294d23244901dae99e29bca2ebc1,1,599.9,626.68
4aceb8c7e323505487fb7ad6775f177b,1,599.9,623.34
176fa14df41f3c8f0daf93c00c4f6229,1,599.9,616.54
f737ed61293c7cb75adf4b85a7df6bcd,1,599.8,749.44
e461a45a8f58e04f9041d7b1387ebcb9,1,599.8,618.75
de7c0cdd4a7d9336e71adfbfdc11334c,1,599.8,656.16
40df81233d3f985a89d85cd5a41d3064,1,599.8,631.46
2dc377a4f64d8f346751c4421f35d4f8,1,599.39,610.84
632d1a92422747296ed01d83281f874c,1,599.34,698.1
fddb81302fa13caa643a9ce680ba8ff7,1,599.0,626.76
db5b5f882178662b38134fb75c2e22ec,1,599.0,681.42
d1c19268fffc2d095bf27843b7435130,1,599.0,648.03
ce5ff92b3b2ac6aef71d2c8a3789fb49,1,599.0,688.35
cbdb4e89c4cc2233a6810399ccf28619,1,599.0,616.94
c0d754ea73f891550ec5cc57f77a34f0,1,599.0,629.64
bcda0bcfa22066b5ff6a6b334e9e5cb3,1,599.0,616.94
af096bb816f90a11731e6b258a785d85,1,599.0,627.54
a8bd559f5b029d6f96e3c9d134288dba,1,599.0,614.4
99cdf2bf2c5bab3b8e27abfaed6b299c,1,599.0,654.41
950a33095847816021054ddf4a6ca1d4,1,599.0,616.8
812b989ae1e1002fd5c0bfcdf3fa2860,1,599.0,666.68
4fc3b2dd77ab8ef16acc3d3a7638be60,1,599.0,638.51
4919652599408c4cdb93218f74137435,1,599.0,619.9
45d9410bc1f3c6e36dea41d8f823ada6,1,599.0,659.41
3e0ec51549acef5abeb76a89812e834c,1,599.0,616.94
2d20a91bda6cce68319de3919a613914,1,599.0,665.44
14611de7b557b6e01c1552f6b406d4e3,1,599.0,622.68
51bfbaee00332bc4b92c8fb31a931948,1,598.99,617.93
16746cee4fed07f5ae8dafc90fc0025d,1,598.98,628.45
fe40c8ed5d902c8ec1032044a223b285,1,598.9,619.53
d26701079841116a3f74ae4bedbfeac0,1,597.9,619.34
8997e8dac4a5c920e4102579ac0633bf,1,597.9,615.11
750d9679cef84e8969e9270f4e06c064,1,597.9,615.11
70f0622ab3555dc6e637a48684e331e3,1,597.9,619.34
314945ddf0337d5bd23bf42a6873cc15,1,597.9,619.34
2e9cdecaa137e8ba2084bbde28c85105,1,597.9,619.34
df2b6f6f87c26ec6f0fdffbf9d82fafd,1,597.0,652.92
09baec50afccbb414f24bf8e0bc7c020,1,597.0,714.83
481a3e4c07971c950ac25f7317ac421b,1,594.9,621.78
81e28eaa424ddc2aeeeaaeff72f0f9f6,1,593.36,691.49
7640780cc068c106cd89bc30564e47be,1,590.0,618.88
28989ef45087c96e5a4346e88216c2ba,2,589.6,723.15
f91a0235d18984973f88cdf07a23330c,1,589.0,626.48
9ae9df4d1b92f1f5d6306a4267f3a4d7,1,589.0,643.19
95caa4f8ff87bb9ab5122b519872c05f,1,589.0,726.6
720d84aae6eca7bf195d5fdadf69f88c,1,589.0,696.63
67db4d2b8e157bd8e237a23058e2a718,1,589.0,608.88
58c0ebd257150bd320c2eba5a4b5354f,1,589.0,726.6
489937c943d790a39af5092fe2326d70,1,589.0,643.19
c506a1a7fe8a6dcf1361f1bd55612eda,1,586.0,674.92
8a7432d16aec9c2e4e40cdcbca613710,1,584.4,603.24
f5b5ccef4e3e00975bd50eb142442eef,1,584.0,627.06
b3a1a221ad27da82c2973f1a108f939c,1,582.0,904.8
6a505279e28e4595861d694d40fda84f,1,579.99,598.93
04c9f042aaafb2430f14e0c3d46c0a68,1,579.99,596.95
2686ba7105a5b4eaa691cccdf3a866b6,1,579.8,729.3
0672d01bce31cb5657b5eb58c0f4884a,1,579.7,627.24
ce78d36a92c8c804a0598c086f5dbb54,1,579.0,594.55
932ee9a016781b9ae7332cf281d75d2c,1,579.0,614.45
8fd2ec00d1f8ef8518ff15330395991a,1,579.0,644.34
8c108bbb0e50260292b20cc76a647aaf,1,578.91,679.68
f0269964dfc708e40a1d948fb69e5c0a,1,578.0,599.26
9b6a169c5966850bb9c65b838d468f98,1,578.0,654.38
98d21426abae406e8c9d1af45dd15e11,1,578.0,609.5
5cf4d8521b41d12abb8835cd05cefe1e,1,577.99,614.49
5b409ca5e4383fcfa2d21b68c21e5a04,1,576.56,642.62
44a71455db7547f0b181c31e2eccd4d5,1,576.21,595.94
c0db32b5102cf8ec8c26e4d80a5144ec,1,575.9,606.48
b22b660b766eee055f792b62d1f38cbc,1,574.2,618.29
be0e319f7309b7d01899339a6a24b770,1,574.0,623.18
53825e90feae3666425c571543d9f928,1,572.9,603.64
a1f495dae8f9dd2db3a70ea51e098ddb,1,572.0,636.74
4b21dfe700fe0a91adb2a7b582c16d56,1,572.0,636.74
1c9fe07351b25b3c75c6e480fd607047,1,570.0,630.06
1c5cbe9cbf4551e15b5c3d345239af8a,1,570.0,591.87
36a52887c02f7e1f223513f1fdea8ac3,1,569.9,689.19
1479d41bbd302e37d1316c996c1f55ae,1,569.9,592.77
fe28d443ab89dc67f5858bc2beda299a,2,569.8,322.49
c6f8ad34724df04e4f53f5e4ccbfadf2,1,569.7,629.76
d4b264d125b3de7f339899ddb8d7f7a0,1,569.0,623.48
cb8661d6ba07d255d5fe1bb9dae9b79c,1,569.0,589.42
c5ac119ab2aa65ff15488f1cca9a13d5,1,569.0,595.3
967a0b2176d10e4fff035035b224ee04,1,569.0,594.69
70e8f009c66e06e6e631460444e355d2,1,569.0,637.13
50985b8d1956bd782be94c09dc9f19a8,1,569.0,594.69
13f2cd34cc492138e8725dea6dc4d7d5,1,568.9,602.88
c288374c344d81884df0cf6e7095290a,1,568.0,608.67
047996ac70efdabbaf2047807577fff5,1,568.0,584.42
84948505177126fc3996e9f1ef83e631,1,563.56,673.68
669e24f5e9c4868fb75106f6f96dc1ef,1,560.0,579.22
b942af5991f733c0fee381817423fe80,1,559.99,606.11
ade4d91e2ce0a056c07d8069554f88c4,1,559.99,614.63
519a9ea42ed875f12c879049c09e8c02,1,559.99,579.35
f0aa9a24f330070e4bf9b5320c898ce7,1,559.96,645.68
e016365b624d1755f3e2d0e8f1631ebb,2,559.96,435.57
5b83a6e579043f9d293af671b3fde86a,1,559.9,608.28
d4336c36fbe83d4668606c4361932e1d,1,559.87,708.28
da90ce986b770be13138f9bb6ebdab7c,1,559.8,583.63
8e09a391443c7fa0c2781071233894d2,1,559.8,860.92
d47ae28be0ca67986130388a0d4fbfaf,1,559.6,577.6
15e9277977ef00be29a22f59bc05cd6a,1,559.6,749.64
dcbb6d432605b9f93bd9209c290b800a,1,559.0,596.27
d7454b8fa3a458180e8089a093cf1718,1,559.0,600.43
d6fb818d72390f4d7bedef226f3e954c,1,559.0,600.43
cf72db4c4c74dc8d6eaa66311dc89bcf,1,559.0,600.43
c400ca69892767c778ae4a1364e06672,1,559.0,596.27
bced841287e3c8ae37e0382a6fd2cb64,1,559.0,596.27
b223711454139852be71c956e1437978,1,559.0,600.43
8fbed3a01c5bb83fc9bbdf640988246c,1,559.0,628.22
6411c4f3a3a713893b2a54533129da94,1,559.0,600.43
5e4d57b5217587ccb9234555c17e303f,1,559.0,600.43
58c2385a00210b1ce3ad1542d4ab16fe,1,559.0,659.84
3ea94e1a7a41a5e2d4f6cc8544a67ac1,1,559.0,596.27
2c2e4fdc9e97bdbc4398c060374324d9,1,559.0,589.05
19af9b225f66ff34c9759c845af428a3,1,559.0,639.98
14cbaed6f27a7aab94b666fefa33d5d4,1,559.0,639.98
0213ec5289d86c40bda69ed571b5853f,1,559.0,600.43
2fc5e667ccf2a1c87a798be23f1c920a,2,557.99,437.41
78e33e5734c2ff3703426bc781471ce9,1,557.9,622.28
4e5fccc1c335360bbc4a9aac8491e477,1,557.0,617.81
e246473a236ca29747182e7986dbdb7a,1,553.8,1186.58
9742cc7599fb25ee8555efc615ff013d,1,553.78,592.16
4658b26bcea972ed0b86a5f8c61718be,2,551.79,608.88
c1c249a8cdc0294fd88d25846324877f,1,550.0,575.56
a6067b8524c5ace8872e34f87a37c3f1,1,550.0,568.0
9eacbc4f4cf8272583b28dbca59e683b,1,550.0,569.82
537568b43e7ec5203b504b97808593b4,1,550.0,738.65
1b1819e5da72c7a8c26b2e46aeeac553,1,550.0,695.99
1ef2a5f167ee2ddf65ed15b46f78b7cf,1,549.99,562.03
fa01fa662a8f7979f5ee6ea6a4e4c190,1,549.9,563.15
c8c87008ea073e6d84cb347b64d1841a,1,549.9,566.41
b91c400abb5a94fabc5161b214964eca,1,549.9,600.83
aa569d38e2a2aa9e81f3baae41fa4c31,1,549.9,575.68
3c9c494fa1a6a69d05d632d8247cf684,1,549.9,575.68
82bb804b1ce4844e9fcb9be805767b97,1,549.1,604.73
f9fee89d4306d2a370dd77b85528c476,1,549.0,567.6
aaef5201f2e9de753152176e39ad419b,1,549.0,585.32
9983c50a6bde8aa05f4e52979b0227c4,1,549.0,570.94
70516671abf50491a2d1b4c416078961,1,549.0,569.66
4e28016fafca508e9c6d9eed1a23260e,1,549.0,610.63
0e2a10c8d1b35dca12057704d738bdb6,1,549.0,567.59
f14f9e4261e5a4543e35297cf9ced50a,1,548.9,662.74
31a661e2227564f12b1424a66f3cf528,1,548.8,560.41
cab8ad6cfba53394c2b45ceb87275f3e,1,548.0,585.64
7c675c73c913ef2bc355178d845e7209,1,548.0,560.77
6461d480b751d08e42faaf99b59267aa,1,548.0,709.74
e7073ad190896b5cb1afdb51bdb1b708,1,545.69,657.92
e520d01b14c310b4469ce675cef5c6d2,1,541.0,741.33
ec9a30a92b3423b220081c7f51e7d119,1,540.0,616.73
1a21e0712b4e6c6b4a4832493b544a4b,1,539.97,610.68
070864e2a7406d03f7071e27dd46d21e,1,539.94,659.52
af99d660de8f775bfb5aa3775adbc364,1,539.92,562.24
ce0c4fe9aa793de8e8c27c882c73ce14,1,539.9,561.56
0c04b066b1b4469c7895a82916f8d6b5,1,539.9,624.84
4e30efee78a5719e98c2499691d08413,1,539.88,777.24
6402d1b2927387b210f6360a1933d931,1,539.7,658.29
4e9fed16983d17a7db116c9215ad25c0,1,539.7,700.53
26f31674c24dc09de97ae857df1596ce,1,539.7,623.1
beb2e98598e7d1e72147318d01e37ec0,1,539.0,557.87
9b1c978cb21b066c8cb29a12c846a8c5,1,539.0,563.17
2604117c1b7f93e6dc4ee94a32098440,1,539.0,630.28
1db6e2379b6724e9428470cb30b60bcd,1,539.0,555.43
fddb7f687eb70d51fafe165dd83c093e,1,538.9,563.07
c1133ec81daffffd4871e9353a3c8fb3,2,538.45,349.28
b8ca1e3838f1d2dd740a03128ba1b2ae,1,538.0,588.06
43ce06544a01d2e5000abd8ce96d63ef,1,538.0,554.32
bd3d8576417686aaa8c3973f7b5a0ba3,1,535.9,556.09
7098b700108f1a68b3699101383f5662,1,535.9,553.23
fcb9353836cb5b48b1ac7730e34f1a71,1,535.26,659.28
9ee58215f365ea280a43bc9bd89dcabd,1,535.0,563.33
6b40f79b58516afb8e7d18367d7dace6,1,535.0,568.5
e727655f572caa2f3f2dd4e0d1b9f960,1,532.99,543.59
5db0e24b2c898dae46aad6b8bc8c947c,1,529.99,563.95
e14979e3490e6277c2278eef6e4ea85d,1,529.9,555.32
a5a41ed175e9ced7ee47aa1d2680b523,1,529.9,614.77
a1e94c3f6d7a4342eb7a9f0e8aaecc01,1,529.9,593.67
7f78ef49a3ec6ff5ca63eb05bf82fefc,1,529.9,1168.66
4856ffbe4c074b9ccd4d7f28be021a60,1,529.9,584.11
1dad5fe7744fe8b9b2035fc79c91797e,1,529.9,555.32
fe2e54628fe48256309f2fcafd1ea925,1,529.89,541.79
d10fb5de0a3fed8a598aa7fd3aa1be14,1,529.6,606.95
a894c90ce6279d5906dc3b5bd52e8998,1,529.0,549.14
1f22ecb07d25446bf52c51afa93cfa3b,1,529.0,1147.36
6f808158dfc6af6ca18b10e90e4e6704,1,527.99,548.13
a59dc1bc590098f3c263f2334b8d152f,1,527.9,549.7
8bc3746e85755be3cd732b6dbe4bc21a,1,527.9,549.7
81de0b5d3753b115f251fe476f3afc9f,1,527.9,549.7
57e8d047ad2beffb5ba6943bc16a5fb5,1,527.9,545.08
29d404644ba0bd6a54aa84f0807f8f40,1,527.9,549.7
ae4395be33e633d0c87010d59847e5ed,2,527.6,337.88
0465f164e35aba70f70e911b252513a9,1,526.0,554.96
f6d64b2678f2d65fc4816f9f7dde972b,1,525.98,593.24
cd86f2b40a6183a8212f9053bb0aaf8a,2,525.48,559.31
93a97ded75d29ad3e94405a590b367f1,1,524.9,570.63
7d904a4755e206a3e308a1f03d4a3a7c,2,522.97,585.91
6b59750878fb1122453b609a6cc618bc,1,522.5,546.65
3891570de9631660881e981ca3286252,1,520.2,570.88
e6b07a71ffbcde59b25a3dfe67246a68,1,520.0,537.0
d373cedd67c7c68ae7bf3dba39594d56,1,520.0,538.39
722b1837fb9030936fd0529864ce186d,1,520.0,573.0
99e94e6c1ccd58bc7f96df28d11d3881,1,519.96,632.48
d65e50a656569a4aa7cc3c0224c300fe,1,519.9,545.47
eabc11b13c417e562cc6373e49436272,1,519.82,537.18
5363812c31bae08d549b36205b76dc87,1,519.82,537.18
699003f10173022740145aa4aaeaccd5,1,519.8,511.22
e1967ba1b15b23a95519bf8cf882530a,1,519.0,535.07
bc00d13db02654e75f91838213d1d950,1,519.0,587.72
4605daf70e60b8d2c0f8608815b7bbae,1,519.0,530.99
7ace56ef3973c58860b3ebba3df52710,1,518.0,599.18
f0f9b20b460b87fb270ac529686e96c9,1,517.65,539.37
0a8c96ffbf539720d99189266055241e,1,516.59,532.55
d26c616e241736e0c1c1ab14150239e7,3,515.9,579.78
89451a1b261f0b56e49647b3f7782157,1,515.0,545.46
a15a39c94a1934b7e64a5e10c5f9b9d6,1,514.99,533.57
7e04d5e356f71deec4b6275a4b5d1c7e,1,513.99,562.05
93c25a6ad8dd65c386a6b1093b7dc642,1,513.89,726.05
d74dfc7a1504f45d7880c12e7f8fe142,1,513.45,524.3
e3170caa179176b49f1265ffde5c27fc,1,513.25,558.92
262e0757ddc8161af284bab34b6e5206,1,510.99,527.23
f45306d122e0f0a2d18ce37616e4ec08,1,510.0,594.66
a518759d7c1ff063778c623c80a3d14d,1,510.0,541.08
a4c6daf94bccd97601f8a793df390c50,1,510.0,526.93
863f33ad6779954e7c3610131753e846,1,510.0,558.04
576d7fc1b6143c56e16f9190a52957d4,1,510.0,535.04
2ab36ff262a58b2671737325a4800883,1,510.0,668.26
1b1e1338111f49fa2d7d5acf5fae5de1,1,510.0,580.44
05cc11f944a9cc2f8dd41fae770c313d,1,510.0,550.26
a48616b0798c3f1d5cae097c18180be8,2,509.7,333.42
157c95d6d16d5c99d6c0355f3f8fb220,1,509.7,737.85
7590dea9fc7279d54050da9c98d4752e,1,505.5,521.48
c88aeffbd384721bae450d32fa80c5f8,1,504.72,540.53
873e4275daabf5ab6eff5331277244a4,2,504.4,500.3
f236ed5552a1074b20a29af39a5c2bab,1,504.0,548.42
63efeaf40dd3d6ddb20b6d1cdcc03581,1,504.0,583.38
c1add70afe3a61edb198b1e75730bce3,1,503.34,556.73
793ad164c5cac4140df0c539467cfca9,1,503.34,519.2
814ceb72855a60059e5065f45a1eb320,1,501.9,519.16
3ad4f7f719b511802d7a94093d055e72,1,501.78,653.64
d6195c3831a4ec5af9eedd91e58b49a6,1,500.0,520.75
ba07856943cc25d23d7950d5beb64553,1,500.0,515.94
a84f8e826c1606c12902c68033939f2a,1,500.0,649.71
93cfda1cfc2f8c36f8221ed61a566a62,1,500.0,649.71
658bc5080837d598c151e2a0bb15af94,1,500.0,511.38
328528c2f1990123f1c0074b312046ef,1,500.0,518.95
184c60d3f769361e505a2310ed7c508c,1,500.0,681.46
e123bd1899e6fa1c480d742dabb56ba3,1,499.99,636.18
cbe90a29307025b1aa98d02ad2271c0a,1,499.99,522.98
bd22e8c08d3479a7d228132d13dd08f4,1,499.99,525.65
a6914c0f619536c2635520e5add5fedb,1,499.99,519.8
9c135ae490f7642bc5fa01d21fc59908,1,499.99,521.37
8a2116bb6477d75ea533208c915be658,1,499.99,599.3
72fa4e66fcddd4b978987e81a00184f7,1,499.99,610.51
50d0e28f36d2c2ccae53befac04a8b83,1,499.99,519.93
49a9dcd1756f7c4f988bdd0cedd5bf9c,1,499.99,522.73
3de0c9303f39b7ccfe69ca11aee19cc6,1,499.99,725.8
3c00ae4d32ad5318b8dde8208f7f5b25,1,499.99,665.54
306ebd7ee37d61923dc568afbca56d0c,1,499.99,569.16
218cd5dbb896e740c5230a227561bebb,1,499.99,521.37
1084032433fca5dbe35ac72bd2e83584,1,499.99,521.37
09d7f104b8988cb8b209d8e190c491ee,1,499.99,520.77
058d762747c6abfa37aab7f46a08a110,1,499.99,521.54
e6b7b590f9ed67d6a70419374e449878,1,499.9,518.84
728076fe9c49fcb0c1233795e6e83c57,1,499.9,521.5
618671719446aad2d578f97b9cfa915f,1,499.9,517.15
49b6102818d64436b9013aa60b2b5ac7,1,499.9,563.48
7f9c2ab72136f9fbe2a2ca856021624f,1,499.8,583.42
665f8bbe2cf428657aeb0572c27fef58,2,499.73,547.77
ba5b89861d3366860b9166e90706a09f,1,499.65,540.06
84e703b803941d145cf727954fd666f9,1,499.25,515.18
f95ccde28c7613a61e9e40681cac6104,1,499.0,516.1
e989c537a5867ffeb4af81ac947df469,1,499.0,641.31
b7ac159644aa42f7186f5593beeed1d3,1,499.0,531.42
781c0058b37938ec11af4bb5cc30eae6,1,499.0,518.25
5742406e72eceee07be827bd07fe28de,1,499.0,564.89
423f9e0c39ec9e6ca5b4aea2791393e1,1,499.0,555.09
29b0e029cfa4d858a9c22d9f3b701921,1,499.0,668.19
036ea8c2d0d39c8d0d49861900487d62,1,499.0,518.93
5939cbd6c6e883bfdafd91390b80c316,1,498.8,595.59
9b2a6a603728d5b0b4f702c92f8e6255,1,498.0,556.24
7330a3475a2c65878c2c9b95266bef04,2,498.0,534.11
4f68539934cb2c65aa146ff5ddc62646,1,498.0,574.26
ce13dd61da229832cd0d6099e15896f2,1,497.99,543.89
1545f2408959aa8478cb267d8429e642,1,497.7,593.13
73284f7b95c0c04e2a716361b08858b0,1,497.0,525.32
ac95cdab584cac0e86ce97a5399ecf79,1,495.9,886.12
a653b64c7e0c3dc7f8e94cb6d7781af0,1,495.0,523.31
eeebbe724ea20e65d4fa09b0dd62d741,1,494.99,515.7
98eabb6f29d352e0468aac1372508400,1,494.9,651.73
43002e3d1fdbb9f23cb9cbcd5ad091b3,1,494.0,504.64
1439b918601b3fc48b550a2e9925e413,1,494.0,504.32
977d9ad9d3dd62c012f846fc169142f0,1,493.9,506.1
06f96a8186eb3f890b6421e944a10c0e,1,493.24,549.78
1605a6c5d93d3488fb621c5323930795,2,492.7,614.72
aa2630ebac79aa0c7749370b705121bc,2,492.0,432.6
30b94abdcaa5b08d5d78bb3bac7a594d,1,492.0,511.63
3058f602e8fc1b30ab963bef876e3eca,1,492.0,514.63
d0cca06294eeb5485945d73603e8b949,1,491.99,536.3
5af895ee7ff98368a5bf6faeddd18cec,2,490.1,364.67
b118181abcb0f3623b02187e09399f27,1,490.0,544.18
2d07a93ef92e366b7591ca1ee99da5dc,1,489.99,502.23
c4cfcd036711f6a5743b36d378124f5d,1,489.9,517.64
83a660cd68c5879571b819200b90a74a,1,489.9,512.21
2df1d02e053e5faf28d6d408aebd07c2,1,489.9,524.08
e49306b1289b65d82a1270450e7d0fcb,1,489.5,528.25
415c8201b982d9f1d02699252aba1402,1,489.06,515.28
c516ab5d3734828829370782add9a630,1,489.0,499.29
b24339384ad7bed4f7d051b9499f6b83,1,489.0,573.51
ac08715eb6ecfbaf0e97a90e3cf0b6ab,1,489.0,536.75
6967833fb4d91b8b052e0b50967065f4,1,489.0,510.3
55094b4209466f0537cc52a4e3481639,1,489.0,521.56
44482ad67ba7af317fd50e27e5f0f009,1,489.0,499.29
e4d18909afd252a0289765acc614d3e0,2,488.9,564.08
3109996d4fbd9ee195129df93d759a6c,1,488.0,500.17
efc96f2b0d64a87eab5fda58be1f6c57,1,487.99,514.28
8dffa3165d189110cdbe104f7f948f1f,1,487.9,509.2
e7834c7e017fb854ac65189a66c33132,1,487.0,535.9
62ba9aa6439e76ea875e1676b09ee995,1,487.0,516.73
6c6b99ae4fface034398d28f5a4c820d,1,485.9,511.23
0aef107040099c08391f73e81821bbac,1,484.21,690.86
23a9f55c66d01a7ef276caa71a4c3879,1,483.82,522.34
a6851c3bb0ecbf1b0f2b03e9416ccb1f,1,480.0,735.96
c6d8bd30273b1712b80c20e4f936b667,1,479.96,590.36
5f0b403304b047198b9cc1e2e92fe6d8,1,479.96,542.84
522e244a96d13876c5bac4985a8d5075,1,479.94,662.34
09ed9b91e77dcb56c1c1e7fdf7fc100c,1,479.94,881.52
c5e913ed94ec2040210bbee0a7d10b1d,1,479.91,697.23
bb2f606d32af671d22fb163ffbcb34db,1,479.9,548.03
24764284d4d67f146daa546143e1d0d9,1,479.88,676.8
3cbfa8093b3ae36fc7a01c0a263e0389,1,479.6,559.92
c429aa916ecc09127c1600d98da144a0,1,479.0,492.96
5e107141755c25a665b011009bc254b9,1,479.0,534.36
5313d6ca5d25744acf9877f61c01c189,1,479.0,498.92
9832ae2f7d3e5fa4c7a1a06e9551bc61,2,478.98,1026.09
ec2ddda7d56bc6dcf0e5e5f4b9f67fef,1,478.0,782.99
cdd2423c8479dba4e44a9f5d43808651,1,478.0,533.32
ed04da2a9e4d7cb3eae84074a2822567,1,477.99,536.52
e05757dc57fc38f5156c82e9e4444f8f,2,477.99,644.59
dde8dd36a5290a1bfb650e1c8037b88b,1,477.62,497.62
f597cd686de38086427186d274582e70,1,474.89,520.96
086915b3227ea3589f54682693a9b423,1,474.0,515.31
9def16803686e18372f7d1365d7d4521,1,471.8,507.98
3a9aab332d472e048e154f1d1b8ea615,1,470.0,631.71
22b511da0f3532c4593a71a9e4381be1,1,469.99,490.53
cfe6ba97cbaba7a1e1ea20efdd3170fd,1,469.0,537.37
67b244a04cf53ccd49b123a9941f6f9b,1,469.0,515.08
79dfc79d89cd016b2b9fb010a9cce86a,1,468.0,514.69
0621c2a5979d3e887ae519620cbe2926,2,467.7,514.49
e0a32719d497e50ca4d214adb2940134,1,467.0,485.02
dc0e76f5f0df0dedbf631bf132994618,1,467.0,488.15
6e28e785f4011cbd0616332a9db3d1aa,1,467.0,491.98
53b7463825251f4e9d29d7c68d429c49,1,467.0,482.71
dd12487859031219d411baa6f6ac20f5,1,466.0,507.84
c350a1f3b7f5017af760960b265c525a,1,466.0,492.87
32ec51f58d2fb4935045b694a5685db4,1,466.0,484.89
0085139b503668b3addcfe826d91be8d,1,465.88,504.47
943bb0afb826a269071a6d3153d046f5,1,465.0,491.63
8488dcd6d5b1f2dd4e2fc16b037478c7,1,465.0,499.64
e81d500c869aff794ce78f4df24ee946,1,464.97,512.46
879ee1f90476a2fad74aec4f9c9961b3,2,464.91,500.15
346534c8088852932d947f4b8fea3959,2,464.89,540.82
6a3927ab5cce387591fcbe8740e58fb6,1,462.8,484.8
8ee1cad41a25870e75e7b78230277898,1,460.8,560.77
b554e16287c8668cabc1d155184976b4,1,460.0,507.68
574eca8aac95f1f947e3bbc2564d1e9d,1,460.0,550.12
f140839b5ea1ebd782956d880b40f5a0,1,459.98,494.46
0beec065ce2d16d3a8dbb22b87cf4c43,1,459.9,480.4
c133266c3fa2b7e61977e256dec074a0,1,459.8,497.74
1aa50792e49c769e545f641c0488cc0a,1,459.8,516.48
686f427fbeebfc5e7459e9d216ef1b8e,1,459.0,494.47
4c45ebf94ecf4107850d91bc326851c3,2,459.0,529.56
2c97a5bf8fcb2ba1608790dc645fb473,1,459.0,632.23
9346d13c5aebbbe578af8f9eb9215ac0,1,458.0,475.97
a7d9a3e447614288937ad2bba991676c,2,454.57,344.11
41789ad60c3f4ce775dcc1652a9c26b5,1,454.0,472.94
bfd8eb57759f69e3dfb7797e89dec292,1,453.89,491.31
616ffe00f60a62eeabb276603a7971f8,1,452.0,544.41
bd83417b926aab0fdb310f40c48142e6,1,451.2,708.48
e21df4d25b6fa4216c2f25bff216b4cc,1,450.0,466.9
cee8e1f2b6da0d4a835a0341f3d109f6,1,450.0,463.77
84030c68114a33d29893d58886a36796,1,450.0,466.9
4644f1b187e390a08b4c66fb16c91364,1,450.0,1219.32
1f94ca08f25a8a28bb3420b3470d966f,1,450.0,466.9
77b2f97e30729a10a7cec65ed12352af,1,449.99,464.64
edaf10f5aa825cb0f5fb2c0e56c45891,1,449.9,469.89
ed248f230ad6f526072443912b8351e9,1,449.9,470.62
d7484dd44acca3ca523936dd5b8f1b09,1,449.9,548.9
d5893df786726a4f6efaa636355118a3,1,449.9,491.68
baebfe959a654aa97bd3e0b179a31c3c,1,449.9,467.8
7b59df9ee77a19f488a09acbcd5a67a1,1,449.9,590.08
3ec83b54e0afb70def9480cd6b9097f7,1,449.82,1544.76
2f8c8d4e3887241eb619e9597d461898,1,449.82,598.56
f3e76dbdb71ca99e1ab351937ce9aace,1,449.8,485.29
33a76918feef5cb88ff4b0b16f1611b4,1,449.8,504.11
e3301490c373db9263c15a73172d0c6f,2,449.78,443.51
acf44dfee8ef086ef411e130c9b7e23d,1,449.7,492.21
f058a2cc5e2d85f398f29928af6436d9,1,449.61,504.51
c16bb123fd0f6a23dce5ff04d9f43436,1,449.0,533.45
81456a442807874df5972289c3c272af,1,449.0,475.01
585a7960832446ae265d9d254b542ed0,1,449.0,469.39
908e85b29cfd17e114a941bc21114d5f,1,447.0,479.17
8e0b3f06cbb3a040d8861e8e74627c33,1,447.0,504.37
088653e3fa566d968be97a72afee0b74,1,445.0,477.61
266bd072600e898f80a34d654c51a643,1,444.0,542.98
d00cb93157046651ca3e21a3fc422413,1,441.89,547.29
e49e298433db8944b77c533837693e29,1,441.28,473.4
d36a28a79ec3068a81a237eaff375f89,1,440.0,451.44
bf1bffa68b04a3202218f069ae984f8f,1,440.0,466.01
80261e3b34f41fda13fbb4ffdf2222e7,1,440.0,479.22
b70aaa9cbafe543301d13476d6a87c5d,1,439.99,465.39
fc43075230d63f6ca93c8c0481aa269a,1,439.94,547.04
596ef1de0dbc8272ca72cfca3b3d871e,1,439.9,454.0
2b9d75b098e314b98c6d5690982f723d,1,439.9,491.93
4e92726a217d2761c6583830b747b31f,1,439.8,484.86
350fdb306568e0cecf20919428b96c17,1,439.8,469.6
34309ff7cf5db0581ee6b2a6469a3a9c,1,439.8,572.5
5a30802342302d5bcef2bade8d40d847,2,439.7,378.86
f52f0e2afa2ce6c39854bd1ac2a355f6,1,439.65,460.61
cdb5cfd897eae464933d6fbd24354fbf,1,439.6,488.68
b7434dbb955c7035be1c0e15ee5ce548,1,439.0,455.82
154f6cf6238fef6a08dfd088b4694c97,1,439.0,463.78
f7d76bf3850c8a9c36ad957e0e23ecca,1,438.0,464.89
54b71c436921f08a38a26b65eb05dfb4,1,437.0,465.69
4291db0da71914754618cd789aebcd56,1,437.0,627.74
7c778e5a4b3bd2bf2baf60e8ec9c50ae,1,435.0,473.81
1364b4c4c60ee8721ca021ed0629ea25,1,435.0,514.41
3094e3bc9f2c62e51fe92505c9bfd853,1,434.16,574.0
e27def83fca14e64279e3a053a0e0924,1,433.69,479.86
8228b01c8d2ed3426b8c31749b6ced54,1,432.9,485.15
e779db0c222c66daea0527e24c4a05e1,1,432.25,465.0
624923d10b950e6ba1e98731d5d157c3,1,431.6,584.84
06ee95df85ab27db04eebc85ce42e3df,1,430.9,462.26
7bf2518f08ae6c1511c4e4395fcd7b0e,1,430.0,511.18
3f1d63ca0cb4dbfbf42f0ceed7d82053,1,430.0,457.52
32a390ed1539022cd7a0f20df2954bd5,1,430.0,453.85
d510f10b6be725172fc339fbea613709,1,429.9,459.64
b94205142c3fe115e026b537556c750f,1,429.9,471.42
3c2564d42f7ddd8b7576f0dd9cb1b4c5,1,429.9,457.65
36ac7fcaeaed9489a3aa25f4c709b968,1,429.9,474.97
2b6e3f29a6dea0501566fb1127e48529,1,429.9,466.45
1eb492e4bf295a22e567c08f24399a67,1,429.9,471.84
1e2e9d505954fda31dcae7abca8f556c,1,429.9,450.16
e532b5d8af846af30fb31f0d87ba0c9d,1,429.34,479.15
a826e173df23e6620170be7da0233ef5,1,429.0,492.36
5188090bf12661971a81f523d5b42f35,1,429.0,453.53
4b06970bf3132cb4456b75269c592e1a,1,429.0,448.44
a4669a28dd126c93ca64ddf49a15e496,1,428.4,446.4
dfa771f810eecd48a9b1101b71577071,1,428.0,625.74
dbbcc06ec5a172406d9d3875f1597e28,1,428.0,477.71
d88ac7d12d517ebf0442f370187012fa,1,427.9,483.43
bf88edbdba72bfdb8613522c5ea7b323,1,425.92,487.5
775cd7b4ebb9974edbbbb60d7b63f5a4,1,425.71,473.15
43956f989bf5238c0aa2b8286046c2f2,1,425.0,442.72
c1285373b3984adcef24fa28810c9a6b,1,424.9,476.18
dff33bfc45ae0becc55ce9b50acd4073,1,424.0,1275.77
c49830cd732881587723077dd4b1381b,1,424.0,528.41
4e1554d1a2dcb38dcf22770eb7390fe1,1,422.01,895.36
89c78e4dc2f9b9015997cc0d9999302c,1,422.0,468.53
88793d85c9f65e4b66a8687c109201b3,1,422.0,440.71
6256bf8af16c17008022e314683e77e3,1,422.0,443.92
5b20fe923c2314555c34bd05f036586e,1,422.0,444.92
448edc09db89e6e1d1f4a44bcee690a4,1,422.0,458.31
97354adbd0f6a51d9c26ba45f72e5374,1,421.99,458.38
dcbac5de9f997934034bc97e34a0d0dc,1,420.07,442.51
cf42a8c1a61f7148c0f031a53c5d17da,1,420.0,457.08
c8f8a02f930a4e512a32ca1ce9b63296,1,420.0,469.47
9e10a42bf2dbabb0454ee38fb1baf890,1,420.0,449.49
55bd4e233a0f19fd2598ad4a5a031dc3,1,420.0,495.12
3b000f8214308787f4c4ca7a9f325838,1,420.0,465.0
03ffd4dd8a22ac7d1e9a70fcb717ca46,1,420.0,451.34
a05e9daf9f1832f45a0d57975b34a028,1,419.98,550.26
89adb0f485715b9290d1bc3ed400d27c,1,419.96,493.92
c9fb70924f052a5ca6c30588acd6e87b,1,419.9,437.59
a1101f5a29a21c4bac2baeef692731a8,1,419.9,440.12
f7ea4eef770a388bd5b225acfc546604,1,419.86,528.78
f8e6b266119a106afd5e4b906532f33d,1,419.8,456.16
cee86ef4954e9d77f02cbc2276dd75e7,1,419.8,691.93
18d9a63b00f74956879ee01a9af44310,1,419.8,446.54
a297dbece29f6d145402282b8cea51f7,1,419.6,491.52
066ee6b9c6fc284260ff9a1274a82ca7,1,419.4,1421.69
ff4befb3408bb43643f743991ccd282c,1,419.0,436.68
a9d133bb6c236fdcafea8b3edd7cc446,1,419.0,479.79
70150002d59f4bbfe4ab728749cb5f12,1,419.0,439.5
2d828097a7e624e7f944af58883a7087,1,419.0,456.45
1acbbb17de95ff9bd36fa08ebd47f87f,1,419.0,441.84
2d0b5c3a0b200f10d09a3927412a9203,1,418.8,441.5
bda84be75dfc9588ae63cfe827080b9b,1,418.7,462.7
d624dc7e18df5c268ea0a76fe0b01974,1,418.0,437.18
d484207b7dfd9f0caa47f97a7d2dac58,1,417.9,445.38
664770508f06c0c2fa1c37fed04a6dd7,1,417.0,455.38
ea9de381796deab8505436f0f4f0b64d,1,416.0,448.44
c1f548efd9fc8b040fd45c4d3818d4b8,1,416.0,481.96
77c6e4c7eb28d5283d0b789216076ed8,1,415.9,426.07
81e80e04ac84b9d0cbdc758bd9482094,1,415.0,442.81
30d4c5e28ea8ce0ae64404d12398a620,1,414.7,469.35
a1874c5550d2f0bc14cc122164603713,1,414.0,790.67
94c8b4de468c39e3e5f5ceb05345b166,1,414.0,441.21
0fa3e5721cad691b9594fb89f9805a68,1,411.45,503.71
c5308291f146809a790673898d804524,1,411.0,449.99
931a169d1e15a0d9cb3dc049e5428d58,1,410.0,462.54
7b25cfb0962b1fa7f66af937d45ec133,1,410.0,442.36
267eaeb75f250cbb74d2fb8d92dbeabc,1,410.0,435.45
089c00c6a00d268888c4b66b6ec0c474,1,410.0,432.36
31e05a4807105bb6f6ced59da6b113de,1,409.99,446.66
9ccbe12805879061f2044713deb65877,1,409.9,545.24
44368ef7756ad735fe6dc9690bdaef04,1,409.0,427.16
db7d237377a3dbaccede13b803c28306,1,408.0,460.84
195b57be963164644ee9621346d2c3fb,1,407.98,513.46
56d8657415db763795b16dd5b0a8626b,1,407.2,475.82
e0922a5c17034b29266f658e9b327bc4,1,405.9,439.77
703afa585e769a0a4f90ba4540b3c80b,1,405.89,425.94
d5ede7a077045d8c3790fe385115a344,1,405.0,461.25
8dc10e9acb420db970e64b4c99cba7ec,1,404.5,481.06
99bf2e03eb1ef8f29fd57ad10fd75e48,2,403.8,574.36
971990c4351040cca69ca519f63c3d20,1,402.85,457.22
cc6af3b2d303bdcbc3138dd7f9bb1655,1,401.34,458.59
7f0931655fd8d40add0f47fc6f0e3b20,1,400.15,442.87
927996801414016890c94b1b26a483d5,1,399.99,416.69
718028dee40c5253ab23fad0a46a9eb0,1,399.99,415.81
6acc5385a15c441abe050fc7abda50bf,1,399.99,410.37
4857d6cf05554302bd9d6cb82b60739e,1,399.99,420.07
34a8d85d40e1650029a1aa9f35d8928f,1,399.99,410.53
177e10134f99776d8a2b0c10c3fed38c,1,399.99,436.33
0fb3c4d7715e48f761d6124fd9afdbba,1,399.99,427.54
d451891847b64bb4cf9a40e9cfe1c7a2,1,399.98,809.57
b3393eca96cd098382248663504da521,1,399.95,577.92
e238cfb4f2a99a29c354412a782fd25e,1,399.94,474.37
b14fc4857eef94acb189066e091cab6f,1,399.94,491.97
f0347c282b3654c9a42bc10bbde1912e,1,399.9,493.51
e980053dedef86b2cbad19d0c094060c,1,399.9,426.26
d4f535499419d0b8bbdcd7d9a81e5578,1,399.9,477.13
d385749f873ff5c52034d332f4f2618a,1,399.9,437.83
d1c73ffbc43e326738aec07c5dacb8d9,1,399.9,421.61
cbff2844e9147796d9fa0b7c204c501f,1,399.9,573.33
b5c70d41de22c123fe7f427c36dc6221,1,399.9,436.31
9cea402fce863ec4bee5af27306e213d,1,399.9,416.87
8f7c8cbcc35002dc607459711c0ed10f,1,399.9,417.45
7db4ea89b426e5d22106c2084b70667a,1,399.9,493.51
6db52da1048ef2cc08b53eb75eb57137,1,399.9,451.23
5b0cab170035cda8b8da236cbd4be13e,1,399.9,423.19
4f7ded99cebf4c1ec505f71ef6580bba,1,399.9,425.25
3836edf29ec11091bdd2e04f2df90896,1,399.9,467.51
0e34a60534391f19af7e10f1c8ac28d4,1,399.9,481.94
069bb1a3d4edaeab00da2557656b80c4,1,399.9,466.19
00e872ca2fc94e59982286e69f186e0e,1,399.9,420.94
c77e28120873b5909c08da41a16406da,1,399.88,573.0
ed65c8fbe88aa56e1a960486a05b1fc7,1,399.8,443.58
850266d4f00eccc4df33d0b1f86987fe,1,399.8,472.62
500870335d75f1d998bc4dd9238e04bc,1,399.8,459.12
4c0bac678bfb8ff0becd5b393b45a884,1,399.8,866.2
8094028cc1d2fb8265b6ce3c2a9b81ad,1,399.76,433.59
5ff3b50583f44ecf55b7e7f704ca97bd,1,399.7,475.04
dc7853d6016d0ec0e68b25f1f7046599,1,399.6,448.4
b471f6779ed58f5dbcf786cf9842067a,1,399.6,471.4
89468b8994a62cb344e62ab6981a6451,1,399.6,468.42
3329202f1e357ad78ad4bbc14f3f658a,1,399.6,471.33
b23384f34fd9dbcf6018e0e4084d3fd5,1,399.5,424.62
f8c74f26f568c1b52cd212e700e977df,2,399.4,496.3
ff66c6a7cb023ea40bc628e06044c57b,1,399.0,453.92
e5ec3500f6bfb6b375692fb53baa24c9,1,399.0,431.46
dd2d3e7151277804b1da3a8d7d67bdcf,1,399.0,416.54
db944ef823fdb472762dd0a3155bf778,1,399.0,435.65
d7e2da50edc0e56f6cd33d8b667a2899,1,399.0,443.85
d148f9ed16a563a23684fbc8b582b4b8,1,399.0,461.94
c7e752293cad3fb436b2263636640014,1,399.0,419.04
c6f494dcb0a7ac2cc4e151332b7a6d3a,1,399.0,413.29
c3916df18d7c45ecc6abda23a7d2b272,1,399.0,445.64
bd275613059e73a343d66b16cea41903,1,399.0,438.19
ba05f13a7d53577b2627668cc9ee854a,1,399.0,519.91
b4e59ceaee1a495eb05d5ed677cc0783,1,399.0,410.61
a674f8c319c74292f388cde186585856,1,399.0,415.54
98c7ba6ee04ed04b0d7882bad02cd351,1,399.0,419.04
92b48641632e617da2beb5e94004bfce,1,399.0,482.61
8fdb30046559b506b2ea1588cdfded0d,1,399.0,464.13
8eff9cf91843bf847f0b18828c5e16d2,1,399.0,430.67
8b18d86b5cfdb835098b504137eadce7,1,399.0,410.61
889d22055f87a5ee884ea207622044b4,1,399.0,431.46
8270b1dca7d4eb270ea6bd43aaf8780d,1,399.0,416.54
7870e27d88fb3347f46119b17065c581,1,399.0,408.66
740867e3baec7f0b535bbf7ddecc20da,1,399.0,458.46
6c9b828f9149c5b438a70cc61b02c1f8,1,399.0,511.37
67b8641b608c7f0b17bb555778f0e32f,1,399.0,432.54
64d5c7b805df5ccf5ec6560a4407edb7,1,399.0,415.54
59e7a0c3c4ffaa250125946deb8d534e,1,399.0,419.67
5821a17a4f620e48a8d9dbcd4072a5b0,1,399.0,417.55
528213c6fd0e0420d19f2dfed0f9431d,1,399.0,452.29
4d96714bb58abb631a3752375807bbc1,1,399.0,543.29
4cb8ad9a4554099db7d70c13d0dae906,1,399.0,453.33
4a598c97b3c81cc5d6097dddc0c16a72,1,399.0,545.08
4711348768db55c57a67aba080ead566,1,399.0,1478.2
44b0a365943ba020d0a993ef71380135,1,399.0,427.29
4379d1f286a025b1d148b68aa0271ead,1,399.0,416.55
3cbb6ae2da72a5cd83efac4990611b07,1,399.0,433.12
3ab5aca40607efa3d15d20637f81d42b,1,399.0,417.98
31127406f4f4cabe57b756540218c700,1,399.0,524.78
215c2d239daabd09b3c264651d945801,1,399.0,410.61
f4af0b3f627879bf6801db96949b1e71,2,398.6,342.23
ec104c0a37a54132599d191354a9ea93,1,398.0,417.23
cb7b0a31f4d257be90adf28f7a0afc47,1,398.0,529.92
977a1a43b74a55c1cafc1996d33699bc,1,398.0,427.02
6ac4c2b8476a9b14dc824e2cda804dfc,1,398.0,477.32
526807e2a25ea0db271efcc9fc646db1,1,398.0,425.24
51b61a36c3d2972ba2a10db944ede6e2,1,398.0,430.28
4050ab1fc484eccabb4479c214985342,1,398.0,416.49
19416a0da35288cfce110f84839ff052,1,398.0,436.98
68cfb2c12fe97983b3e00aac4c177eb1,1,397.8,419.89
8306f3d56467705b4a747997088a14d4,1,397.0,424.13
0d153268371aa25450d4117ff070277e,1,396.9,801.25
0b5da348e71b60d46741d90a45a8bc10,1,396.0,501.72
40be9d4423e554598788cab8272da64d,1,395.9,411.69
2ad1a50c46408a4177239d11911715e8,1,395.7,460.86
e983d6a5d6a92e29fcc48d7b42a6031e,1,395.0,415.94
d9d293390bc78577294b1d8e5864f13f,1,395.0,408.79
49788b90e1ec6ef648fecca8bda623d8,1,395.0,406.58
0535dec8f608efd1246d1a4d5ab6f771,1,395.0,415.94
d2c92caeca5dd4b0fc29a3c1c82ea73c,1,394.65,412.16
798c34ffa9047399853eab8ca7c0b9a0,1,394.65,1812.19
6487103e80b44928230a321da57d026e,1,394.65,412.16
bbf28b01eafff45c51fd9130ab1e0c6d,1,394.0,426.28
c97b572d3bec6bfd65aae3b5c0f7b031,1,393.99,410.84
004177f7bf62929186b32c7fdaa6157b,1,393.98,433.98
8af7ac63b2efbcbd88e5b11505e8098a,1,392.55,457.99
4f9abb81a81465dfa9d717f658404d91,1,391.87,490.02
8358622f4398a86f1f4531f95d1696f4,1,391.8,428.02
db7ecd3849859458fdd70064fb9afa9a,1,391.6,496.89
b2ccf88b60413e6fb2b27e997216c0f7,1,391.25,420.07
a2816010e66c2b2e4acb191fce3bbcf5,1,391.25,410.9
89c1a3e3c96c821f7a06d1f84670727b,1,391.0,428.88
8fa288e21a2367856409be1f7d347540,1,390.0,406.48
5fe7677db087a1f3a4078a4fa15c7a56,1,390.0,431.58
3e2662d873c55f390786c29319aaaeac,1,390.0,472.8
25d1543be15063a4ad5c8cf854edb131,1,390.0,451.28
0659f2d6cabae94afd4d009c6d0e07dc,1,390.0,459.14
6d27e708580f5c26ca2282eaf9b9d7c0,1,389.99,530.9
bf0627436135c129fa7d967439780b16,1,389.98,600.74
08f7cf00ed9ff3e0a08fc136ec272974,1,389.98,355.84
c96a000359d22838b2618dd2c6f69eec,1,389.9,409.88
bad8ab2f494e16eec3d42467f2a62a60,1,389.9,509.4
8d21b846e69c263edf74b4c8211d99a0,1,389.9,406.38
3a61131176101fac45ce3634e5a9a94f,1,389.9,407.9
26e91939f958f4fa1463c59f03211a90,1,389.9,457.44
6cff9b48c421876c5595aad7913b4806,1,389.89,416.44
0167a6f5d58d5632b42c44e7f66f2abf,1,389.89,419.16
75d0154ed5d24c347fd4c5bccc050e1c,1,389.7,466.95
7b0eaf68a16e4808e5388c67345033c9,1,389.42,2340.08
ff9d2f60401262b9da1e868f956fb2a8,1,389.0,411.63
f54609e740271db30eb2a2ce9a87e004,1,389.0,429.27
b94ac78ce96618e7e546f0efa55fcb22,1,389.0,448.39
aaedd6c66e55a3656e8a403131599c8b,1,389.0,416.56
841088947a30cfa375e8a39161760234,1,389.0,405.33
83967b7b673d7b8944288fd0fbb2e811,1,389.0,444.25
791fa90081e564c24a355b7e20d1c080,1,389.0,448.39
719a735ece4d49f8f918d1fdd319cb2f,1,389.0,479.64
5e43c9625b6743d2f97f99b4bf64d123,1,389.0,414.04
5ae030cc626df7448a863aaae63920c0,1,389.0,448.39
59a51cda6d5d34bd1bc68d383921bf01,1,389.0,405.45
52f6da6e684eb6dc2a1654b5a1faff60,1,389.0,444.1
49746c4175293e1bdab705a1c0a4699d,1,389.0,437.19
2a4ad1137664f7cbeed3b3f0e0d010cd,1,389.0,444.13
042b009cdd1ef1d0e9b74e35691cad8d,1,389.0,418.17
d08c29302907086e8fe823369542f3ae,1,388.98,488.46
66596e08440320718dd23ea4d89ed37f,1,388.35,465.02
587b326ba3bf8aa4d3e50fb1f38ea79f,1,388.16,494.27
e932ff9caa21f8d8f09efb639e79100e,1,388.0,420.13
c490b206f51db42b71aa732ddd0d1624,1,388.0,416.8
c28f4785ee1f68c298874a466cc1445f,1,388.0,412.59
abbc8cf2f41e400436f55ee76de5ffff,1,388.0,438.22
ab25d363a5b33a527d3132d14579ca70,1,388.0,403.27
a6ac029c3ae532651dc2591ebaaac6a6,1,388.0,411.21
509e36f77163f5713684bff57dd33178,1,388.0,411.21
43ad764728d69e55df3d2c75ab2b33c7,1,388.0,411.21
3930d303d06d7be25bd9f6e65639e4b6,1,388.0,411.21
32192d2434b0b6a9c9988588cc5f1698,1,388.0,413.59
30e3cbda9fcaf3df52716f1b7265341a,1,388.0,413.59
1356d8c983b303fc2cf3b7b603d897fd,1,388.0,420.13
749f894180c39414865a117e748e74f0,1,387.2,464.34
fa32d50b314a61d8fbff672e57e53519,1,387.1,421.33
df330bfe51b1a4fea49073d0e1f9e010,1,386.75,449.92
2da9c684118fafce96940108437b2480,1,386.25,419.37
f722ff3c670cc731721553596b8de3a8,1,385.98,515.32
f57ae1f3a7628aa20b859bac24cd8058,1,385.0,403.0
c82e728a76f784230c3b9e9a1a8fb055,1,385.0,444.23
925d26d2589c983d6e2c33ca7da030d0,1,385.0,406.23
79e8da40d2295512051a82eda0663058,1,385.0,425.24
12a58098f27b00d10cf51bc6f9e4c261,1,385.0,401.3
d8cc3231a8eda4409875bb69bb91f594,1,384.9,420.06
de1fc2bc7c7a4ba4d87b67dbeebd6610,1,383.9,404.17
0a609db8d244100909a15d65eadf8539,2,382.89,501.16
00053a61a98854899e70ed204dd4bafe,1,382.0,419.18
36cbfc807689e6396e4b115c72f976a3,1,381.66,413.84
dcb9ccbeba1a08fd27d8f50618ffbb2a,1,380.0,419.06
9a58733da0c7c3ec5faf01ec89d9c115,1,380.0,607.57
783649d604223aea32afa945a91dda63,1,380.0,425.07
652452e3f6467b9df7e3b65399262956,1,380.0,419.06
55d3b6aaa9c85f456862f7e2e270102b,1,380.0,419.06
1e83e8a44b09e206e093c7b486573672,1,380.0,422.56
18c75282901f7db1fe38e8c9a3ce4c12,1,380.0,413.53
102592d98b12c6656e777e602d0b4474,1,380.0,424.04
d95c3d11c4d6efe2173065c13dee6e02,1,379.99,431.18
6875c3bb5e962a05fb46ffc63aac71dd,1,379.99,431.18
6752e46d4f28ebc4d783b203b9cc232d,1,379.99,544.92
9b7a66f6076fe28cfd1d7e1cab6d6cf6,1,379.98,428.02
7151ab1b25efe473683b7ecb51dcf83e,1,379.98,557.62
6c8697c531bd90af78b99d2671551c20,1,379.98,552.96
2f50a4f1534f6261bbb20ffb1c76a6b1,1,379.96,445.4
bfbbda66e349f70e8d799fdeabd4f626,1,379.95,398.86
cbfbf68c40fe74cdfa98f5b92c55c01b,1,379.94,396.35
1178b0a7632f8af98f4bdc6d0260dde3,1,379.94,396.25
ff5f6731168d5441f57407f27b1e154d,1,379.9,504.35
fae827c7f5444b95b0fdbcf2f271600d,1,379.9,443.51
ecb297840d7d64a51b8fab8a17af9ac5,1,379.9,454.19
cbb4b1e54af9231ad1ed6545607a1641,1,379.9,395.58
970cab2431fe3ecdba987b0a2a5c54ba,1,379.9,391.73
89a9eed110ce632160e5b1a47ebe4a80,1,379.9,504.35
7fab37144066f5ffca152c8bf9d0f856,1,379.9,448.51
7425df6fd8a9ae635b5eab764d75b8e8,1,379.9,400.44
36d377cee92dc9e86522cb1c175d57dc,1,379.9,405.14
18ce13c736e4fc07bf3536157b4a1dab,1,379.9,424.97
03d5d879b6583adc0d8b84788ab189d8,1,379.9,448.51
7d0549e6530109b245c9a75ccd06953f,1,379.89,391.96
4092bf290aa60e4f2d4a0dcc2f38c954,1,379.8,583.77
fb554546f4b290032e65366c8472a343,1,379.78,401.26
4a3545dbfdf7bc14e6cee312a234b133,1,379.75,411.6
3fdc39171d444e1a1cd4da98ac2e4adb,2,379.65,414.94
de7d44eabd274ea6224e86adcf0064aa,1,379.0,395.82
de50c94454fc32696551d292dea65cf4,1,379.0,450.53
aeadc34e89c894f08e1c9e5fcc4b8f49,1,379.0,410.03
529488e665fc3a5dde2d5fe7bd1b69c1,1,379.0,394.67
502867033ec89122387321e8586ec419,1,379.0,571.48
4b0f4c2619f2f9ca0695227953e5f3ed,1,379.0,410.03
381d90c0fc95218ddb163a90d9db3358,1,379.0,450.53
88681f489d04722ee4e7a638caefc10d,1,378.97,417.37
5bf53b1f1b40087bc4e6b5987d427bbb,1,378.9,442.29
1f9756abd497b76eeccb492bfe91df35,2,378.9,493.85
10cd81466a4f2cbe0f59514b1a8d9221,1,378.9,418.24
1a5a9fadee96c1aa62aafebea9bd49c8,1,378.8,405.72
0b903538f8e4450b56591eedca26d473,1,378.38,425.11
5b65c2693d8103d23aa910cd33d68daa,2,378.35,420.5
09746c224fd3209b3277079eda8e3683,1,378.0,442.11
6d004368588f6fee399cff4bfd5bf7eb,1,376.9,386.8
4831e521ed6e409038e639c3dbbc79fc,1,376.8,404.28
859f40a26e8b81608c6d035211098e9b,1,375.34,453.88
e4834c6feedd40a5d115c5734e0aa7e8,1,374.98,461.72
a6af4c9bc9407009467c56b92f0d5a66,1,374.97,397.96
b1da853b83d83369b4a4ca2c8dc1be18,1,374.9,406.56
3f9d987156fddc08ef77f52d1a15c073,1,374.9,393.47
3ea35d016eb96bbfede151b359b8da8e,1,373.6,429.52
4039b151e0eb6614313bc87b7875f2be,1,373.4,392.45
6537286a5400c1e8bdf18907d66ff843,1,373.0,394.49
fc8039a2b1963ca28dffe5dc886fa5c3,1,372.84,430.04
45fd1f20d58a364a552cfecccfa78935,1,372.84,444.04
41988c44ae065fe75f608b6917387315,1,371.7,439.44
0c5a3eec276d5585347c06c742bdc8ac,1,371.2,411.35
409fffcdaf4d0eb689458f1df6b2c240,2,370.87,406.15
fe702f5f24b432afd18e24f53feb9bbe,1,370.47,403.81
c913a62d8196bbf29be088eaf337ce42,1,370.47,388.36
b38c8c380d02399365a217729afc48a7,1,370.47,431.5
5839c476b32821c55d8a591a17fa7809,1,370.47,388.82
f62da42a910ca0b93978f002ee5d0aef,1,370.0,387.8
b473afdb6e7c6895dad684e85768f63a,1,370.0,415.0
99601f98045afe4647831e9fbc3e9db9,1,370.0,394.52
8d0e4982b1986eb1d5953cde05580a37,1,370.0,398.33
6bce7bc0805ad41e7a88892711c1ed3c,1,370.0,390.69
4afcf7ae2181b598259d121795fd628a,1,370.0,394.52
455c17b35969ca198c17f2fc9e8eba1b,2,370.0,704.33
23e6034e441adc938c4da65f14aaabd1,1,370.0,385.74
1f57ba007f9b05f63b26f5d666b2c448,1,370.0,398.33
cb114591d0be9a8a58edb922a0ded943,1,369.99,391.55
777f49cd884e35d4f7983f59f5fc6c98,1,369.98,506.02
f56bf73e81d727372f3f025153d7e5b3,1,369.9,396.8
eed7a47de7c4c7e68df016a38cf6aa53,1,369.9,440.17
d4ed8c361e25c9de427a6360bdcb1633,1,369.9,384.79
bfab0ca919240683c49cbcd38a09d7d7,1,369.9,417.84
833921e810f165ecd4d84c15c656bd98,1,369.9,431.5
7e8833bcffee549a658ff3dddfabb026,1,369.9,405.26
6c1a470cc3b59370f0c874af9d0959dc,1,369.9,399.35
6926bce378918c0796934a2403ed36b2,1,369.9,408.15
46d61c097819c5e6a9cc2ddb820f91ed,1,369.9,423.21
0aeb0582816c901a2282797f23f81deb,1,369.9,390.37
72d1adc072dddac82d57953a3930108a,1,369.89,423.62
1674dc345a3197c7f6ec07b4fb3eb878,1,369.8,387.27
f3832392e675c6ffa590ac21b517b47d,1,369.0,386.65
99897fc63e00fd2cdc6d2f3ab36af9a6,1,369.0,385.16
973f2fba63a7eb540f8860b0c75b63cb,1,369.0,581.67
93a1b58fd7ba6d819a6ee10e56d5d96f,1,369.0,694.04
8257caefd0d3ed59fd4e00770b7da2ba,1,369.0,380.4
78761d0c2d365eb550a618345df5f9c7,1,369.0,393.29
621e115832c0d4258a86adb2a4650b6e,1,369.0,390.77
54df929c8defcf5055528c4fc49cba1c,1,369.0,383.08
462dce9655e008a695ccf13632e89993,1,369.0,385.67
41231c4f7dd28899b2a284c1f523366d,1,369.0,393.51
397d9b4fe1a6f27a7180b14a42dab978,1,369.0,429.19
240b137f917ddd1d7f2b05cc4a766401,1,369.0,394.52
01f2c78d8578f27b62ca1186752e1532,1,369.0,386.33
2d3e5076f14d42da578f63cec9644b9b,1,368.9,504.09
a3e4f258972f05247ceb8c995b056270,1,365.93,399.88
46853529cddca069139d7d3e3e3d5879,1,364.99,383.79
620f711de51f36456115e5a213c97781,1,364.98,385.41
2c6a43ddee87c8dd2169e28b191479ce,1,364.98,379.97
aae24ccd525137892029a5cfeea47171,1,364.9,447.42
862f461bf6a1f5dbf360fb9cf8814757,1,364.0,390.9
7912478cc830e7e59f8dda8b2712b555,1,364.0,398.69
5f85be15539267e9fcbc5d6f5d1ff206,1,364.0,398.69
360f86da5d33b620b9f38bfcf717c89e,1,364.0,395.58
43ad4b4a1ab6a9b12fad99d114c100f7,1,363.56,396.52
f29f2553228477390f58da04a5c3cb8a,1,360.93,439.51
cdcdfeb02df3472c398010522265e5ba,1,360.9,380.68
e863397ca773c34a6c8d75017b5557ec,1,360.0,377.0
9ece1c68d65c90d06f6a82430ba37437,1,360.0,378.06
9955ae9211487719711e63d871502b63,1,360.0,456.28
6cbb1440f3d4c3bd685efcf5ed96f3ca,1,360.0,375.43
300fac2f46ab8700db12cab5c255fcaf,1,360.0,375.43
0b940c9e78e70637166bf09d0629dca2,1,360.0,397.04
65628c916a9769607d7444fb850276c9,1,359.99,376.26
5097a5312c8b157bb7be58ae360ef43c,1,359.98,441.16
7478839156e2cc73aac2b69320236f42,1,359.96,505.12
d5a328c92c7a2139b37c14e12e69d0f5,1,359.9,412.92
b4304b050d19e68c4a3541e20c6f9f33,1,359.9,370.61
82ab7d52a677122ad223dc866567678d,1,359.9,380.3
5c23dda033289cf4bf68d4afd0686f15,1,359.9,393.07
69dc49b6115371d02775f2baabd26cfa,1,359.8,404.43
490a34b91aaacdd0e54f2c8640c396b1,1,359.8,434.98
216b3f75ee68a2ebdc1efefe9f9b230d,1,359.8,405.42
cde7f673a737c930ff84009114fe8b98,1,359.7,386.79
8f0e372d692abf6059d41a2fd3ae4e12,1,359.7,413.97
74c47b3790848b8498124ff22a650126,1,359.7,376.97
03bd7c8563706d3a512250498f0706c0,1,359.65,588.14
0b301ba858fea6e878faa5da12b044c6,1,359.6,408.12
f9242445fc633a8871f2a6c4a033c8bf,1,359.4,372.84
8b33725ded59c682ee7cd08837c996bd,1,359.4,465.42
3d5ff67987bbd3820ca1cf5e7a468131,1,359.4,465.42
d0175fc564515a47e95bcfdf40e6bc07,1,359.0,474.61
b5294575700727d9702ed9c3edebca45,1,359.0,384.23
3dc3378d4b81486c707bfde0e6bd7d40,1,359.0,386.79
a88fbd7316175b0da268d37cbbfd72d4,1,358.99,382.3
43fb7cd074b0c8b373505d1e46b30a07,1,358.99,375.25
fc7c27fea81cacc1b8128d7c0812ac9a,1,358.98,368.75
30d2beed036d709d9e6ded9c08496981,1,358.92,402.42
d2c416a539648f1a516b9e18d0725388,1,358.9,406.74
881c74a9ad16066a1aa369fcad2c6c83,1,358.9,374.43
688d5274462f91fa0332582b748ce41d,1,358.9,444.17
73a218a376e1c8e6a31799484fe514b8,1,358.8,579.6
e8d52071cb03beaf1320119dbc49cd8e,1,358.0,382.92
e06421c4ca77d6a60b3b48a12b8540a6,1,358.0,389.12
9ccdb84e1bf33538b206bd4289698888,1,358.0,396.26
9c1c171a1b3c40185294e3c38a202053,1,358.0,410.0
dd9b235dbe7d48c82caca4da097a2240,1,357.99,486.71
d5cce2d8c29533983e7932fc9f914a86,1,357.8,391.18
cdf2b280dbabe2b047ba03f1886265e6,1,357.8,401.3
d366cfc097d250c153a712cebfc7d94a,2,356.8,418.93
f59e3e14cfa2eb6f8865aaef2fe83acf,1,356.49,370.49
b507e4aca8c030b247cebc90574ea6b2,1,355.9,382.88
aedfc8d041dcb092b3eb0d1d2fa3cd64,1,355.9,369.89
934e91b0e98dbbeb3649cb1091cca051,2,355.9,415.41
92603fb137176e599427a906f8006c3c,1,355.6,419.84
585368798753fb4f57e8510b5ba471dd,1,355.0,378.33
2c3ed77b92cba1f5622b5ccaa1792b8b,2,354.9,391.8
b64d39d1e77c4d9a7e7d002ad7552178,2,354.81,387.49
b4be434bcbf5fac41b8be0e055135c9a,1,354.8,387.5
5045665ac643e3b7da283dbce3155942,1,354.48,413.34
bbbe8cb57215b946226047da3b6e2331,1,354.0,370.23
55507f66e9e1f29f4ccb5e134be74f4b,1,354.0,473.28
359bacb2b5c52b4287667a7bc6c7bc63,1,354.0,580.9
b14ef688a7c1a52e7437298085d9d62b,2,353.98,388.4
523e25fb475e982925556f0a363e7891,1,353.14,385.3
cf004a37244a84e6569ae75d1efa7149,1,351.82,385.8
bf3ea1f12c45857c553757b918beecf4,1,351.81,373.11
be2466eb15d512e9f18fbf4ad05de28f,1,350.9,368.12
de3310643e5dc5aeda6082c500dc629f,1,350.7,400.44
0abee71cd257861a0944e2a81cea4a50,1,350.7,423.86
7d7d85efb05589dfdfd2744d6f6b4500,1,350.0,370.33
995bb1c47d900b47cd32436d8a622593,1,349.99,368.69
916ae0365354c4b2f98e32c0eaca4b20,1,349.99,370.72
8bd20d255c0d738629f38f1ccfc2bd0d,1,349.99,369.69
4a0ebceb7ab1c4bb3e8de740cfa33184,1,349.99,370.72
1d4dfa3845bc3a1b8cac6a19f5f6b7ac,1,349.99,367.2
1cc6ca3e40bc03bcd2e554fbe370433e,1,349.99,391.71
f67b6419ca1040caadd1ffd6d105f4b0,1,349.9,381.88
ddb5ae1911306999e95e6af661b95113,1,349.9,381.86
dab37b78cef7cd1cfe1cc34420c07a93,1,349.9,365.37
d66080b536ae3a1639751657b3698613,1,349.9,369.92
d45e966c8a831119b5063d008484b9f1,1,349.9,368.05
cfdb7df7f1d257ca5779f967d259cec9,1,349.9,374.28
ba36b3a9fa9cdea265ea96a4391d3ef6,1,349.9,366.52
aff51d3159250387ea5417cf54e261a1,1,349.9,377.03
a93ded3225b94e83aba36406dda9dd6f,1,349.9,398.88
918defbde32da786dc3e8a2fc90d6a2f,1,349.9,381.88
908d9b3ddf294228e1d651a4374aa322,1,349.9,380.75
8603ccc4afbcfab372c4b04d061502f7,1,349.9,387.67
749e46453d6ab7071310a6aa11846ac5,1,349.9,367.11
74241f7a4fc1aa904b065d494f3e64ec,1,349.9,377.63
6af770a9a52cec73e7324676bc6e257d,1,349.9,381.86
61ab48f850b699b36a2d6f41dd2baafd,1,349.9,381.76
55561c5398f644830ecf3479738c3cb7,1,349.9,381.88
4db837094d22e1632a19781892b37c84,1,349.9,373.5
47ec2515e045f76685d8681870014a5d,1,349.9,367.1
3f1c5888577d299fc92eb89ed8ffd381,1,349.9,387.67
2c99ffe9422281270e942cef6aa3d0be,1,349.9,383.74
2b4f3f41eeb66df3baec10c746243dba,1,349.9,362.96
20fd95a837564e8e484f691bccc6fcf6,1,349.9,398.88
1f8b0205c817601be34a7fceb7228dec,1,349.9,425.07
125fd065ab1ad1a669975b4ab9ec5393,1,349.9,417.16
1184d75f9890549854acf4e919c6a317,1,349.9,368.29
4b318eb7137fa528187f45aa9f73d30a,1,349.8,384.58
448efcf5726e932fa4b8e5e11898aa49,1,349.8,389.98
b28cf1534409ed866f62e2c39b470a98,1,349.65,367.2
f849b8ea39f8ae164ab09d6d51be1bf3,1,349.58,374.58
b0bcc8f488763575cc5801710e7b7586,1,349.3,395.74
ed83458aeab7795e07b8b53bc983c008,1,349.0,367.2
e74a66b4b4bed8696026a6c260485b7a,1,349.0,407.9
d6bb892fd2920399b89ddd97e887611e,1,349.0,369.98
cfe570106ab92df0412e0877a895190b,1,349.0,366.19
cc025521d96a3005316b61cde71907db,1,349.0,450.78
abae4f6067389b730714209104b781dc,1,349.0,402.16
9257a68735732496ef254a911c377eca,1,349.0,383.89
8567104e91ca9b68bb4eb86fc9eca7f0,1,349.0,367.2
6dade60d28a0f5b8ae7e8d67321b4141,1,349.0,367.2
376638f877256111577406a6cecb76a9,1,349.0,367.2
2a05fe612c018e47cd05684d06f7311a,1,349.0,362.05
0da93f0b65c2af1b3fdd5a74c58857b2,1,349.0,397.03
6b6edf2cfcd95c52f1255eb7ae82249e,1,348.99,387.37
c7cf316c752d0adbf0d47feed7fdd0ef,1,348.9,381.53
40e3c65c63fb2f9399614d7c25b7b4ee,1,348.9,436.4
2badb89298df400ba5c894b963a044b5,1,348.8,364.99
18aecb99836637ad525a1986c2327050,1,348.8,365.99
f1fc483a199c20417121d6ab1c5171a4,1,348.2,465.21
965b44e284338ef0be919cefaa022669,1,348.0,366.69
633965a3dd93f01be3a94fc5b0a5f5d6,1,348.0,432.4
39e30c13156ac7711d6eb298cfce1fdf,1,348.0,377.42
2534aafcae446257e91626269b9e185e,1,348.0,412.96
7e8c7a2149c68d53e1be3b05e3155296,1,347.97,722.25
a19abbf1138da2a5f7b1c183bca48e8c,1,346.32,417.45
26a2b0baec2ef2e226f1297de4b6a86f,1,346.01,381.63
2c396d5d83a38a53f5985dbeff8d42ee,1,345.5,383.5
e6ef2e994fbdb5d2ead1426df6e8d07b,1,345.0,401.07
c8fc84ef3684a5754030bfdca0caf269,1,345.0,391.68
c77a1d7ea4d97301c38bf7c7c87d95c1,1,345.0,395.17
61c3fd07327ec16b2905df628426d8ef,1,345.0,468.8
4168fcd194ff2e9b969498157e49b24c,1,345.0,362.0
18f701ac2eb0d7cb1aa0134d9aeeceda,1,345.0,403.26
60dfa3ea01873e440cf35bccd839161f,1,344.99,362.41
a9d8744833cf1b0851a88057fcd56078,1,344.9,362.07
4e8e4cf271d32d5e8a3f9de8dc44d515,1,344.89,367.6
825d3949166e60c38be0fa30394176a0,1,344.7,398.85
c7f812dce068c1d276120b3fba208f7b,1,343.9,386.93
b93a5a889d5631f90288141fed44d192,1,343.0,378.63
c13401002a5f9b60befb4c720de50be0,1,342.78,381.48
a7e9f3d12067b5c80bf46afa2c950de3,1,341.6,424.55
e2492e4188991b6276a4a62a287a5451,2,341.0,636.8
eba19814c469ba66dd384612aa663060,1,340.0,360.48
ea6d9c37d833ada18462ba141f1bb26d,1,340.0,407.19
e115ec37afa6e7c88bbd6e270163c719,1,340.0,358.53
b81208443af1b894742a304cf0f86b9b,1,340.0,357.13
b640ce9e719a58e56efeb4ac754cc11d,1,340.0,391.08
b33ef69cc2695094da44ff68410a8f73,1,340.0,367.22
8c93f951b7b9bdd9a00c3da5b6e2ed65,1,340.0,391.08
89921797e6c1c39982ed6f103fdc32d5,1,340.0,391.08
71b14aca95bfbedbc5746d2c0a92d8e2,2,340.0,383.36
4c5ae17e8984ca0916543b159eac0f2c,1,340.0,577.96
3d7140f7eb346da3202a5f121dc31f94,1,340.0,382.92
31e34c9568c4675478a694c317cad2d5,1,340.0,378.68
0af856b84f956b11317832a27b18ff4b,1,340.0,391.08
df9f0597885f6b03f08f63aaf6045d06,1,339.99,362.42
df9925de02929a0d95219dd14fe2fdf1,1,339.99,350.56
c9b1fefb2abaaef18c6a3009b1e18cba,1,339.99,373.79
c2d962612d1e1a8525ddba295c74237e,1,339.99,352.98
0d30dfd90fc97a48ab2cd0b21b413950,1,339.99,357.13
a63dd805e228fc1eead58609c7e7e830,1,339.98,373.88
730e4b7ede33b484516435d39ab4dc49,2,339.98,413.97
0759d933887c91f517086ed1bbac859b,1,339.98,376.04
5d754f8207d351d98f314c7c7c1a971d,1,339.95,538.39
de992d3f66b14c35f8335cbb188669e1,1,339.9,363.99
dbf9d2d8651aa98885c12ec29829c6e0,1,339.9,367.56
b6fe9a0f2c629778455e7bc902821598,1,339.9,402.34
7a499f0679383d730d17aeb697b7addb,1,339.9,357.03
79600d089f870e1787795b429b5be3c5,1,339.9,360.38
487b72af97cd4e1dcdfae25627f3ea8a,1,339.9,703.38
3dab7fa08366df68b2addc01b7614e70,1,339.9,349.46
3a90b62fee678b5223dde0bab4af9168,1,339.9,361.25
2b0feb2d152b5341f51f1d6333dcdc36,1,339.9,363.99
b31a97956ee6ddae518d726ff76592d7,1,339.8,395.28
a82301b543c924e58739adcb64ac52b1,1,339.8,381.22
44dbd08cc06662e0ca8ac504aac75f18,1,339.8,498.5
4329ca9025968ae028dd7eb9106750fa,1,339.65,435.96
07547425c8f7a7086f529f2d3b80d21a,1,339.44,397.9
cf1a6c25251efa363ecba381487d054b,1,339.0,350.19
a12bfc37b277388091fcf84e83f77770,1,339.0,349.57
91d2d5377798c51693f0ff9e3fabc3fa,1,339.0,366.65
7896a0d2938e8adcc336e867fc033d1e,1,339.0,359.91
40c2c451c5d17bfc69c0be674a234de7,1,339.0,355.12
3e4fd73f1e86b135b9b121d6abbe9597,1,339.0,356.12
3de6c8f655bf017ab009aa49ceb9a580,1,339.0,366.65
2e94556d001d5f752df9b5be1e8af4aa,1,339.0,350.12
4549ba22f341a2fcae487eec23de82f6,1,338.8,386.34
acc619a5022471a3007a9bf8c7779f07,1,338.0,372.86
4ab6998389ae92a3a4a68be0861b0c36,1,338.0,373.73
c88fdbe3c6e7f973c5be933a35993e99,1,337.69,355.26
82d3f2203b03cb12e76507855da095d3,1,336.98,369.1
c09ad1f436009e3ef04db880abc5055f,1,335.44,399.16
f2cb0a40a1323af33946e25741177d55,1,334.9,351.33
b46025afbb68faa3eae275eb50eb2966,1,334.89,348.73
4d011b68b5474eadb6dcd4bd664812b0,1,333.98,375.3
5e0d4b9fda50f2e2b266eba9d384c5e1,1,333.96,365.68
b89ba10870f6b2ad9ffb1b2f052df62a,1,332.99,426.91
e24a4e0422f1b22febb175defaab7932,1,332.0,349.07
b8d87455f7eca8954cb5963ed9f9f9a5,1,331.8,382.38
43cf4a43292dc5137517632a0683d645,1,330.96,355.05
f37df26d81056b8d7ac3efba580ab962,1,330.0,353.07
e0a5163e8d7d76ca1fe345506a6552d7,1,330.0,344.27
b463a8269222e847080bf23fc3b06218,1,330.0,399.93
a08baa27a7207c2b21620abbb8847ffd,1,330.0,460.05
7ee1d53407ed1c60113953f969f79d28,1,330.0,347.41
782f78691d986d45ed2341715082b993,1,330.0,340.07
69a08833720febf10dd53b86e97b054a,1,330.0,340.47
698b9fba35afa2346c8e579695ca2151,1,330.0,349.53
5c17cd275f9dc9a507ec06869723e0dc,1,330.0,344.7
3e7ac88fcebf632fb01dd58bd3522ea6,1,330.0,366.27
200ac352080f167ad0cf4ade344fbfd1,1,330.0,383.03
1cb9b211f64159ab4dcc1d3cd09a494d,1,330.0,406.04
0bcb3aaad5749c9a59a54d772d44e83a,1,330.0,353.07
03dd3244bf71b675adc88a6d0dd7180c,1,330.0,346.76
8060d03e3051ee90e4ae2280cabb3237,1,329.99,349.87
7e54f5b8ca481064e8976b65bfbe2f2d,1,329.99,340.49
415ee7f7e65b172382f321e711057114,1,329.99,342.69
36c376ed4b37b55c76d73b4f75086c6d,1,329.99,436.38
1c05d0960d1f777d8fb51e1d9293c3fb,1,329.99,349.74
edd176efa31cbfc929efbac163cb45a6,1,329.98,416.08
fcaa775c42645bfcb8fe49eead75131c,1,329.9,417.83
c9a9bc3271d78f39fe16405e17aa36bd,1,329.9,478.14
c626f14a28a53ddbf8f9dab20c4fbb63,1,329.9,381.51
9b1fb6c5340404c81e330ae8f88869d7,1,329.9,347.84
98e4ee1f6e5b08ad5ab5fbfa99206b74,1,329.9,462.84
98168eac716e426d9725b025bef08c3f,1,329.9,345.96
7fff888508deccbad37392f9a11da3e1,1,329.9,374.58
7fb41a4469f5c4350698682d6aa0f06f,1,329.9,371.54
7af87661a92c6dd8347715433698be80,1,329.9,380.74
476ebd274a4f410997dbadd61910969f,1,329.9,347.97
306c929fdf6528e70f50643d82b850ac,1,329.9,355.08
2866c9e957865287f7f4256f0c91c9af,1,329.9,344.23
03ed0a57d01102b9a9bc725d1bd17831,1,329.9,347.31
619b93ec47d01fd1228afef1a980abe3,1,329.7,363.39
6b50feb99c89a4b030544ffd55793772,1,329.5,414.0
100e4838d0bc624505f1e8d87294ac69,1,329.4,435.36
613c6adfae45a73e79862b78cea4fd73,1,329.2,347.26
e64494c8d47715e6604862013761e07b,1,329.0,346.4
5596f39d3816bf53e8c25417bb603b92,1,329.0,340.12
09928c4afa1c45cfcf099b3b13889719,1,328.0,517.03
76f7d40948174f5cde0fcf8e6147b59d,2,327.8,373.6
87c966979c823236e0d541e7618f12d1,1,327.49,364.91
6fdafe3a23dfd3dc4f72312f282a8dfc,1,327.49,356.1
150a2fc71a1324ebdf6b8ba3b8a2f884,1,327.0,352.05
48e765b31aa7359bdc26fb32b1b6825f,1,326.66,343.71
e56e4d44e93e759de3a58e9b717a46f2,1,326.16,359.19
dc06abed8fd39fb5801709b043029cc6,1,326.16,359.19
d255a5699739c8d08dcc7b279c1f3287,1,326.16,347.32
cdafee85f5cb14842354379f3c658451,1,326.16,344.84
8b2b7333feeb6246c6bd5834dd94303d,1,326.16,343.16
e588f1b5d00b4697f453375ba8fedad5,1,325.0,342.15
dab99d214fcc74719108e91aa54c8362,1,325.0,340.29
d1c8715bae84b5dce39cbb6aa1945d8c,1,325.0,335.47
cccd9f2759978bf9c0961f1af1f641a6,1,325.0,352.55
a1b667ccfcab85f34445a0905ec39a2e,1,325.0,342.15
8aa390d97e33b9484177029b90b62a76,1,325.0,341.02
859be3e24b1d2f673fc587981b6260dd,1,325.0,348.07
81dea9a8d236dcc15823cc53f0eff2bf,1,325.0,344.55
7dac7097370c4cf1b3f4d49108f20a87,1,325.0,361.07
772478b682869fb34d04cb3d16faa8a4,1,325.0,352.55
74ed854a1d507850912cc7bb29c752cb,1,325.0,361.07
5448fb61e525231e03356fb5769b9820,1,325.0,343.71
4909fc632891548ff0c209de1e3c51cf,1,325.0,348.07
3f575e5c851e1ffe04a36b263cdda4c5,1,325.0,348.07
3d99d4a81b87cab06805afddbfd0e23d,1,325.0,339.71
34bb455fd095fdf1a9964fed915c596e,1,325.0,342.02
32752da00d66a31189201fc0772f600b,1,325.0,342.15
2f02635fe98bd8c88551f06ebc26aa73,1,325.0,335.47
2b396aaaa02866a6942f7d6e1c3bf654,1,325.0,344.55
2a9af07882fab0b54952a87a696dcbad,1,325.0,363.96
1dbd49ecc004220cc99e679369492ac2,1,325.0,395.2
1d3d1e52bb9e6223454758a01af2511e,1,325.0,345.96
1a7b4d6d4c829e0559e700a57c37339f,1,325.0,352.55
13142553736e27352e8663a653b07b96,1,325.0,344.55
101732d08cdaa0fe2b7712b4b03311b3,1,325.0,363.96
b8baa482e2e3b439ab972fba47c9be48,1,324.0,355.77
6d0d4fc6d3394afe566b5672bd7d4863,1,324.0,393.24
273087c05d0c34102eda4ea9d7087417,1,324.0,367.24
86e5bace0b99ae394e73ee02a28fa10e,1,323.7,366.27
954fdffd5726e2dd4d32ed2c2bac699e,1,323.18,350.72
1b2612a1eb1467aba19e5bef0da52217,1,322.75,363.64
ebb7c2cbb003311bbd7cebeaeeeff8a3,1,322.7,387.99
b8f5e262105d173c8b1a866469789648,1,322.68,391.66
e707dc75cda76b17ee5585ded1d2eb5e,1,322.0,508.38
0c6adab7ffd144f49033bd18fc6f57fd,1,321.89,347.4
fde0e4b515e890f759bd85c3e4ee2116,1,320.0,337.0
c943b97fd7f42adbe09abb3db9fa32bb,1,320.0,346.5
c761a43958726b21bb6040ce91c88fa7,1,320.0,347.08
b4e9b707c8e4df7d8500e81c6e8b18e0,1,320.0,340.12
acc14d1af4f5b74ba6669cf78859059a,1,320.0,336.99
83d3368393e1ba417a2360e90b25906c,1,320.0,372.8
7db92cbb797de39eebe3bc986be820f8,1,320.0,748.78
78a4bafc5da008bdc6f65b2e9780e167,1,320.0,335.09
7784b0eae100ac9e737e53146322cd35,1,320.0,374.37
2bf97f7ad0865d494796787cc7cf1fe8,1,320.0,392.56
20b0e12f0cdaf39b6905f3177cf65cb8,1,320.0,365.38
f522be0944683283c4d275471fdc497c,1,319.99,372.01
d6e385d660741227e6e2e80b858dd2cd,1,319.99,361.16
b8383de449af386c17b76134b8623f5a,1,319.98,363.2
69fd9c1fc3a6fc37901d435132307742,1,319.98,363.2
296abfdab73db3e8b962ba5c4389475f,1,319.98,349.1
b679873b72df26318869974877c766d5,1,319.96,500.04
71c98a01b26884386e5c68ac5b09054a,1,319.96,372.16
65571628698194dbda526c22f5ed2317,2,319.96,418.94
44692492d6bb5c44dc9f7bce39fd7b6e,1,319.96,404.8
b82cc08ec7069053a3f5219ec59d3497,1,319.9,336.89
ad0ebbc075d8eb6e233c34572fd02c16,1,319.9,362.13
57427ef172244b321ae818f54c6e1d23,1,319.9,336.89
bba29bdc2bd4deeb7bba3c61ea98e012,2,319.8,367.12
8c21523424b836faed37fdd581809603,1,319.8,347.24
51c3c1f2163c5e5a546e0478cbe00c57,1,319.8,400.2
4175b1ca4789b20c01f4048dd9e44c23,1,319.8,365.78
9c77a1587900063f6156b00224fe16e9,1,319.7,373.69
8ce4dddf4e8e7c341f088595c58cb9c9,1,319.5,337.5
9a90907f6c5a8792225c6274e00a4261,1,319.49,345.38
eea1b296cb9b28fdb06a3927731c24c9,1,319.0,335.98
ce6a0a1a899e0c305972a0bf7b97521a,1,319.0,332.25
beec014630c508390a961edb75c0df46,1,319.0,337.2
9ef4b2bec4e41d24e782098ab5489194,1,319.0,329.98
7ea35fce34322b6755cafa76113d224a,1,319.0,329.98
1ee42b320be100d406f7bb7b7acb8a14,1,319.0,342.03
d1ddf25f8dfbc742221426815c73d887,1,318.99,345.53
9f385db579a7034a58b32fdf7776ed7c,1,318.14,336.13
dfc218e598a5a22cb02a24e5aca66f9e,1,318.0,381.69
15c7b142c5ed84a1537ceb6d448818f7,1,317.99,344.53
f69186a6f7ba7aa02720d776c1ce6fb9,1,317.98,392.86
360bd75a5eb239fcf08f8d25f9d430e5,1,317.14,333.86
326489271c23dd3128b4480220e5232a,1,317.0,673.84
c735c714dbe80672320182bb48bba3ba,1,316.9,363.76
8fa60adf18fe4fd010cad0b48f6fedb4,1,316.9,348.63
6e288c68788d1a0ad3f1b86470ef8126,1,316.4,351.48
61b25268ca362baae45cc7e38a7bd8e4,1,316.0,326.57
6a8ba9ca06038b014b687c42f4e00f3e,1,315.98,333.03
438550f7e363d2b192e324b2d43661ae,1,315.9,334.59
c4a7318a4ce010b2ad0f40053d0fe601,1,315.0,339.79
b97e6c3053452293cce47c859cdd4af0,1,315.0,365.73
92e6265dbbc8fd3ee150c14f65ab4214,1,315.0,374.1
c20faf88190ac7185d11a3f454df0b62,1,314.99,333.9
ae20bce4e01b94c297b87bc056200028,1,314.99,327.8
619406de7a0d11aca8ff92512287157c,1,314.97,328.38
6705621d85295c4251c5e60a219f030a,1,314.9,334.98
14d2c9b4d7d34d27bcfc480f3530ae93,1,314.9,331.85
564feb90710b4f84399f931fa97ea704,1,313.9,330.27
54b6e349b7686b54f8f871f0bb7a3c66,1,312.0,426.84
6497524b55cbe8996aa46912e3614290,1,311.98,366.32
019fcfdd0b0ec239cc2b536428064c47,1,311.9,344.28
e3626c985901df173504f3d285ac823f,1,311.0,338.68
7f9f63509a47bb5bdf82c647d57dd2dc,1,310.99,328.38
af7b8a3470a5d0a998b522be320b9bc6,1,310.0,361.78
60c958213c3cd48cb3139fa692a060e7,1,310.0,335.0
388661387449408a9ab88ea55c9f1a0f,1,310.0,391.29
1c0f4fa4a215c3de40cadc66f35391e9,1,310.0,335.18
fe0c8e3d2977bbc3a00de8a09153c8da,1,309.99,332.48
e171a4ec0e867cac0e195ff46c523140,1,309.99,375.53
930e9f0d9455cb3951d1b2c258dfc9bc,1,309.99,337.44
447a91b1f9f2ace3fdbac8745a95369f,1,309.99,331.4
40b9153e9d1e084b64e305161a713aec,1,309.99,359.43
3429548a00c12192afbd69ce55fb58ac,1,309.99,471.35
f43ee71c0b5bb3ed418bfb8ac40592b6,1,309.98,368.87
8cfb20eff1ce8185a15ab1df1a8969e3,1,309.9,344.32
4ec9c80a660ebcf3750e07d3f6503161,1,309.9,328.51
e8b575ea327ce80b63a741d08990d41c,1,309.0,363.29
d5ccfa0a3c2abc8d9c6781a15b647302,1,309.0,330.13
49ec50688a497360a34fcf6a14211abd,1,309.0,330.04
45beae4f7ef87d231ec3909b1d0b876c,1,309.0,328.73
e53454696deadacfdbaffb91e29b1ca9,1,308.99,394.94
76f0642f3d9b62a470a68250354e40a0,1,308.0,348.84
3ba09e984b64836dac5447bc49b2b123,1,308.0,323.91
55886b0da0e1a4c9e753f3250419c0fa,1,307.99,377.5
9f57a690cec758524945e9e990cc2255,1,307.98,370.51
0ec7b76cae390a31a86ce54413f284db,1,307.82,364.57
be2931e7e0cff6a086cc7a0a04bb0816,1,307.0,350.22
41a3b256cc497dc952a815b848345cbc,1,306.77,421.69
5b5d41538261f46fcad28cb5c50c416e,1,306.59,411.91
e816453a1cbe8d142e5c5c9a80eb920a,1,306.0,415.44
d92e065f815b20aa0535f71f00efb6a9,1,306.0,364.44
1cba83304eaba52a71d853f593d565f1,1,306.0,372.84
e58e049eea2419a34274619f798d0cd4,2,304.9,362.89
a386cfbe02fe676d118fb356ed6c0cc5,1,304.9,321.78
7a4cf849f0283d3806f2dcb1acd85776,1,303.94,339.88
dc9ccd8be2d922f8583d97933b06c5f4,1,303.6,341.0
de557c3c8339624536af66ad9294720a,1,303.45,339.37
964419499a4f095f129f60a9e45e419b,1,301.48,406.95
037f1240d3a139aef654264b518eb7e1,1,301.0,338.85
c59ba65efe3622bcfaf929ecd5fbfbf5,1,300.0,320.18
8d35dc642ad984416aa918cf6a85704c,1,300.0,346.66
7e940e7a039b58afbd11bf54464f59af,1,300.0,335.86
5d7b9bc0151ea6da069ba1fd84125fff,1,300.0,324.97
4a080fbb39cea0bbc34236191a82140a,1,300.0,334.98
43d49082b0b4c9cd47729f80b5b515be,1,300.0,334.98
3d88eb9dbdae62a25db397df10cec4ec,1,300.0,356.06
2a3646bd81800eaee94e62812eb7a7f9,1,300.0,328.24
0fb360a422d2297dcf21d4d7b91028db,1,300.0,380.08
0f75924cbbe60142068f4029d744b724,1,300.0,333.62
f4b15ccf4907c376a3f978dd380ee201,1,299.99,423.51
f0ccc558b4626ebc7d2e47b0fdc8a54d,1,299.99,354.45
e0239a35ff7f833fbb19ab7b4bd7ab54,1,299.99,352.81
b348cf83cd4f31577159de0c43d23e03,1,299.99,368.46
afdb02ae9ac1b2b174f20e7a300413f1,1,299.99,322.89
800382939d605bd8b03f3d8dc97a62a9,1,299.99,339.67
73f0c67497ab69da9073b79e06f9c35e,1,299.99,358.64
5bffdce2f67241f3d9de86edf96e62ec,1,299.99,328.63
463093247faa080167d77f2e6d1b297d,1,299.99,328.17
437ca9feaa724197fb6f66a2b9060bed,1,299.99,363.67
3fadefd1174756e2c337993b1c476e8d,1,299.99,354.45
353e6391a4bc29cb187094eb2b7cd301,1,299.99,322.58
1fc56d05a04891065dde262fbfec04b5,1,299.99,322.21
1bc024c51c78ef78a1d327fbc53afd2c,1,299.99,321.58
bbf0cbba57c53c0db5f7457d752bd431,1,299.98,331.58
7ea4adbda09cc03f0ff84cd183252996,1,299.98,328.4
c1d6b3acce320f7fe811d54554febfd4,1,299.96,372.52
e464ca77147e56dc6e7f51668e24ae61,1,299.9,367.08
e12f7f1e96f1f9f6361572028a1fad5a,1,299.9,729.74
df54a349b0edb7f8420cd864c0561770,1,299.9,330.31
dda70e98b52ff380a9f4c67ba1baeaa5,1,299.9,357.52
d892383aa36040299858ad9cc4bcee30,1,299.9,325.15
c84e86f69576815157e6f6317e124c3c,1,299.9,326.55
b5f8f1c09332651e55d27cfe4d7af2cb,1,299.9,334.77
ac44a47b51f4d068ffa2ec84343324bf,1,299.9,319.88
95df81c7a10fd30caa61bcd7d0ea4e4d,1,299.9,446.2
87f837fc9fca6070996f6eb4be555b15,1,299.9,321.34
7e6009894a640a33f5357552877bcabb,1,299.9,330.4
6307616c25e28a633c336e41e4053661,1,299.9,389.01
4c23b91b0edcf82b1c9a5ede94ca3536,1,299.9,342.07
271b658b36e1a35a76700798c7b88c9f,1,299.9,324.58
1f4296f408415fc3c9e701577c7350f0,1,299.9,323.74
13dae0394fdbb23ddf1d2af7296d1fe5,1,299.9,322.37
8259b1b1f125ab7649d39ad67c8505f7,1,299.89,508.16
39a25ffcc4f83a144eff541e56ef7988,1,299.88,373.3
ed6e4ca2f745d43a2c8f44fdaf370766,1,299.8,354.06
beb7ddfca20bc721584e70834d3cd2f8,1,299.8,327.94
bd5fe79380ff2004f6a3de124d0acd72,1,299.8,450.76
b65a65447f8a14cef396f6fb89195088,1,299.8,323.79
852f3bf903feef0c6136630363c64646,1,299.8,334.78
7f105e4281a00b4d35a48dee48c376db,1,299.8,347.06
6e97ac4071e114ad38ef3618e743532f,1,299.8,333.42
6e90e6c9f3c5677e9d9ce080b95eb0ca,1,299.8,328.14
63e2ddffbebc468591b9f44db1775cc1,1,299.8,378.34
4f8e0cd35c770318d9e8874c2956345a,1,299.8,567.0
4d7b6c39aa3c7b53acb8058e4094a593,1,299.8,502.74
3f3963943d834ff871027fadb0addb26,1,299.8,354.98
205fea0ca71690b632ed095aaf2ad12e,1,299.8,347.5
1bf2349098d90e1462a6c3cb7f9395fd,1,299.8,358.76
e8fdc48586ede8c54d9dd454f21b30d6,1,299.74,336.34
652cd18a3eb5f3d87f994bf8fbe581e8,1,299.74,336.98
abb9bb7a7ced25d6b9a615a3e9a5b125,1,299.7,387.0
5a87cdfb4b05852cbb63bce4ee13636c,1,299.7,350.56
b8b8e02a1e6a3ff488f170dc5a0fd9ff,1,299.6,344.2
a29cfd4d663e5140a3c936fafc45f35c,1,299.5,370.35
9fafb9bc4f2296fe5d2d0bc2f8e19a0b,1,299.5,443.6
7b35fb694a1c478f507173167fbe234e,1,299.5,387.85
fb374d327bb02e056ee964f122594ee7,1,299.0,320.58
f71f711f287055ea2c1311e4cee9310c,1,299.0,363.15
f5cd72e7209640c294bad4d57f4f7772,1,299.0,372.72
e224d56bfa2030f5cbac17fad373f588,1,299.0,330.62
df9a45df92e7a3d3b143bb47ffe05d7d,1,299.0,412.02
dc42c13bcdf97e19a5c1f9d029d5f49f,1,299.0,325.54
c05421b39f3d3b5366e496c513b4c2a1,1,299.0,337.78
b0ec93955aa659be766862666f38710e,1,299.0,331.74
afa5bc3be09e44cd50dd53d8c112906f,1,299.0,322.8
ac63062a6669add32041c1f6dacc0057,1,299.0,323.96
a58d75d906619891fbc629049af9a429,1,299.0,362.26
9efde9b883e5c09c03f5585ddd74fd95,1,299.0,371.14
9e1dfb17599bf0db24d2d85b06c492df,1,299.0,344.89
9d2e1aaac510c062d014a089141916f1,1,299.0,359.64
889cdbc2157d4b7fca66b33aabdcc680,1,299.0,326.54
8426c1ba4c8bb532a3d527772a9b46e1,1,299.0,324.74
6debdd7009de6875c0871f7359dab059,1,299.0,353.45
65c7b6812d25e055d57fb52bd49edbc6,1,299.0,321.58
6363a4dc2856d828f7fb4c13d3ae259e,1,299.0,320.58
5e6e38ff8be0698d61e10c26e92dd432,1,299.0,328.15
5c554a4d746d2411043e677088886517,1,299.0,321.54
5bb26921b0a1b8442fc75114bd80e946,1,299.0,321.54
2c8e68cad3121e0794c0c0e125a036dd,1,299.0,415.02
2c442bb928496c5188ae2b0fc9219535,1,299.0,325.54
2c03157be0355002724d72a62d7777f7,1,299.0,340.02
0df03c178dbb92477f74d049bf939e3d,1,299.0,334.89
07a7972e43bf88e50a7376e6f1ae4e21,1,299.0,321.58
0010a452c6d13139e50b57f19f52e04e,1,299.0,325.93
5fe117882be55ee9ad0d6c6c56d11019,2,298.98,402.76
2d176518dbb1640107fd0f8b1349148e,1,298.9,353.51
edd3f97254cf3ce5e95da8245dea95dd,1,298.6,376.69
a78244b7ca1f8d3ea7953aeaa1df1a97,1,298.6,381.0
3d50a44231c2a153219cef76ee3e445d,2,298.58,363.26
6c9cf51494f2dff36066e2b2c05b8c7c,1,298.44,322.06
20f42618c40034d852e9983368bec846,1,298.13,337.77
c7bfadeb68cb418f58d5465e6902a955,1,298.0,388.24
a6cc06100608b125aa09ec6733685357,1,298.0,319.58
9dc32085c4249c00f3b3965122395018,1,298.0,378.74
6c379c0f395e52c00c28fabdc24f5f21,1,298.0,433.14
59aaf8a23bd819df3aba00cf40f97778,1,298.0,321.8
431009e9bc3dbfd4d5076bf068706013,1,298.0,388.88
1c94292fd864639bde9f9373156d6c07,1,298.0,378.74
56c8638e7c058b98aae6d74d2dd6ea23,1,297.8,806.47
fb22cab15a8656528c3d36648860c9bc,1,297.0,395.79
f445fca991f571471ca3e790ad26cb74,1,297.0,323.55
9300ffeb6ecbaeb37ebdb2120a28e1aa,1,297.0,396.24
5322efc4ed651ee4f92b9e07d4af5eaf,1,297.0,384.27
1502940793e8b3ff32e7bd4b231b0eef,1,297.0,394.36
accd68fd87adda3d6360d77daafd964d,2,296.98,345.81
75fd60b26fd8ec7f00dff3a5dede2c77,1,296.98,451.13
4307ca57b237ef2790e2a99ebcf3c7db,2,296.78,354.2
803c530613f5c4ee03502be0d6894de0,2,296.64,486.23
a4855898fe5347ef4ec54192c7053768,1,296.0,356.51
720cfa0a58ece73114a3f78d2f8760c5,1,296.0,330.57
23230b975a6783fb7bb5678d90520855,1,296.0,324.98
8004f80e361a5ee23aadb7418a685fc2,2,295.78,338.12
a4e9d1568df5584556b6a4d871095249,1,295.6,388.0
e991a8f1f354196beae5a6843db97f83,1,295.0,321.82
297264b206caa8b788a5fbe5429385d5,1,295.0,325.59
23280ccfac94b7bc3fb94ae94adbca26,1,295.0,337.51
1c3a2bab6b3e18d65aa3923e2ec7b5db,1,295.0,383.3
3eaa598a1b0a857744d6f38a01e27eb2,1,294.02,332.28
de34b16117594161a6a89c50b289d35a,1,294.0,660.94
a95f5d1a093f55b0771e5d6212540ecc,1,294.0,320.9
faf67caa1cf9020d82b7479672ffe66e,1,293.9,319.99
553afaf5b18e76bd3f6865179f0700da,1,293.7,342.09
5c694a3890f4de5708c0252c38cb6b5d,1,292.99,327.49
c036799f1b7d9832bfa372f83278182a,1,292.9,418.0
39e16ad9a306c8729696f7732acde86f,1,292.37,351.18
e2d2fac14a650e3e6711d3e221cd86eb,1,292.33,319.69
0795c2e6501b727255b4f0fa37986860,1,291.8,379.0
a331b262a1e59c1452d774af0e33c465,1,291.0,336.89
719268f22cb2d1632471b52cfddcb420,1,290.8,328.59
ff22e30958c13ffe219db7d711e8f564,2,290.0,332.92
4c447a622f519b77990f8db6dc763af7,1,290.0,380.94
96f727f9f95d43f5e8178f95438b726b,1,289.99,352.3
8a0793d04e0f4be13434516ee7037104,1,289.98,343.88
e441de09b3cde535ce9996b999a4338e,1,289.9,325.73
a0ed9a80e0ab2c3ed65685d0ce8947d7,1,289.9,329.22
18eb5dabb4335ff95df3036b4bb905d2,1,289.9,377.09
f121943f335b4993188fedd3852ea3aa,1,289.0,371.19
8bb31750d3168b3e096a38f5616846dd,1,289.0,405.24
819cd2edc9468d181a2e071529d743c7,1,289.0,330.12
475e1ab568d2e1fa9722c0428f8b0b8c,1,289.0,342.12
1cbda36ee89944baa7a738ddbdc4679a,1,289.0,540.72
16ecae01d286ede5c22b963dc96f08ec,1,289.0,335.48
034d647ff381be4e2d6736e7f4f3cd15,1,289.0,335.48
16534282c820ca754b8de47754bb6d1a,1,288.9,364.88
a40096fc0a3862e9e12bc55b5f8e6ab2,2,288.85,457.18
62681000bc12644d2ad1b4e967ab69d6,1,288.82,323.72
c143eafe10719dcc7dc0a855b2e3554d,1,287.8,1078.16
290aaec85f26ac33c2287cb930b84a40,1,287.7,348.18
aeb28248c583196faff53ebdf34cf7fb,1,287.0,348.02
14f64911f31f3722899596d1095a233e,1,286.98,353.09
efe48ecb633ecb4b1748e16c46fd7a86,1,286.9,327.29
246578bb79248a97e8d47514ac7decb1,1,286.9,341.51
c97f0efac17ddea45ebd4c01067c6434,1,286.0,324.55
4c4621970a6bbad78e4204b062ff69d1,1,286.0,475.96
f9b208b3f0a8ea19f8088c8b14875bbe,1,285.99,354.86
7e1681f9bb31800364869a2cdbe289db,2,285.88,532.44
747a80914ab95632f6fc99531acb3ade,1,285.4,375.12
ab34c4906de4713a4c818ae8546e54be,1,285.0,378.24
92ac990218b21fa296b928240c5fed35,1,285.0,334.29
8188d88246b1fa1783f4c55e83b72d49,1,285.0,369.65
7f73558f62320b7fcb3b8b36a5bb9bc1,1,285.0,331.26
4bacd0426f63fae437e148380f9758cb,1,285.0,343.9
3248c9e1d493588c44971693045340e7,1,285.0,339.12
ed1dab3e2a156ab47043d93fae898a0d,1,284.9,384.08
69f2934ad8b50cc05587a94cc7d68fc9,3,284.79,349.11
f9372e247ea4f46be6f797ca1936d68d,1,284.0,323.54
bf482716881b0c14af9efda1fc58a649,2,282.8,327.49
5347ddd0233c010faabd8435f925a600,1,282.0,349.11
c9aaf05e11f9c65dd3e76357606c76be,1,281.97,332.7
923bbadc05e0de833a6ea5e3d546c4d0,1,280.0,334.12
573f9af769221b61e217ae44ca555a4e,1,280.0,356.76
81e5fcd4b5436bb7e3eefd166f7bc489,1,279.99,401.19
ab72bb0f2a4d33072182f33077497024,1,279.98,320.95
d8ca4d497a10dc7e022fdfdb4b0a4ab6,1,279.96,352.38
3f8554f744a8a476a4ebbafcb10c63b6,1,279.96,343.68
c4c08ab2afba13d215da7d3ab31859f1,1,279.9,323.72
91b2ce089a08af9a81f99d087f1786f9,1,279.9,398.63
8627c1488f8357a3f973a3153c470d89,1,279.9,435.23
6f1b9f60ea8ee748140353648c2d8d8f,1,279.9,496.76
df5ff0c899dd19ed568e3e0f716cbe20,1,279.88,341.52
e5203612ca86f5cf6e916ed0dacf45b9,1,279.0,359.11
b134d7b6885303d9613004221e238e30,1,279.0,325.41
608fd8c5b2d3966b6352b6ef04d077e0,1,279.0,325.41
5a1a783020111b20236f45ee2ff2334d,1,279.0,343.35
dd0c3f3af94f2d203f2ee8baed6eec66,1,278.99,321.41
c96da57b0ad906eb74151f3191655c17,1,278.8,371.94
5e33331e26d0a4e1f3fe84b3f9c5549b,1,278.79,330.06
90e1f0d98aa33c74e43fb62004a829dd,2,278.0,333.04
100a1a0fe9f738719f7b63e3eadf5ebe,1,277.9,323.89
ed682d0a6b02ba0c382af599f33d76bb,1,277.53,334.78
1963df51f83e0b947ab78557117c25cd,1,277.3,327.39
c65e4c1159907cd349e6b6e6c2fec285,1,276.92,340.13
e89bf89e2621b5aeb4c181e69a8c6952,1,276.89,418.51
728347066c1627e1a441b35114de2011,1,276.0,327.62
3c6c168ccb2f42f67e2d392bb04d8a6c,1,276.0,368.24
154a5a9962a76cee141236c96aa045ca,1,275.8,362.48
763537fbd8173d949ea5b3da1d1461b7,1,275.0,321.17
3ab0de2ef0b0d180a42a233eb350c570,1,274.0,332.07
46e7ed1ef9223b2026fb4919fc7c7f05,1,273.8,328.54
e3c85862f94505287c37eafd177c46e6,1,273.4,363.99
4df4e976784c5fcfcefd8be11029cbc6,1,272.9,329.25
73daba56d88fe2ed55fd098a179646d0,2,272.8,322.58
23a9436c10d77a5f040576597077d6aa,1,272.7,321.9
72bd8ec700eb4e8b39ff2fa3b8f79de6,1,271.8,344.34
6c70bee45f245a4ebeddb2ece21b567d,1,271.0,586.37
9f15c64a6078b40c97b3a742c8677b2e,1,270.69,326.34
c1d43ef6f70aff50201a1b882176a346,1,270.0,484.3
62b1fe109029247a9cf2ed943978f6a0,1,270.0,365.98
490b72834f444fc78d3d5171a7db664d,1,270.0,320.28
7fe9dc21448d5fa5a0629aefef9a2375,1,269.97,405.24
fdd4c60553c33cd8b3ae6e2ac285a9fa,1,269.9,395.45
ca77025e7201e3b30c44b472ff346268,1,269.9,1122.72
24423978433c1d8c3958db4b0fceb637,1,269.9,327.31
a565d889e6411ccbb4232fdfec246789,1,269.89,323.44
f5cfaa005ccaf9be67c00b7e559ea47b,1,269.85,324.59
a78856b0e5b47a539274777a789acd6c,1,269.79,345.51
ff9ff869636c26565ded16038be5fa7d,1,269.7,333.54
ba57a73ff451ba7ac3a068c774818595,1,269.7,339.33
6521633c1bf78289ac3f83f40907a543,1,269.7,353.6
3c084b2007d6efc5db0eb0ab4bbf4a92,1,269.5,376.25
d9ecdaa6df22397c2509da5732257b3a,1,269.0,367.02
e0562607e5595db48cee55825388c4bd,1,268.0,375.08
31338345a9cbb90d4692d1141353313d,1,267.96,378.96
8635f91d481482da68f901e2f6de5c9a,1,267.9,345.19
eb7f6a96757f0ef3ffd4eadacde32cab,1,267.6,335.19
d50c10b739ca1b20e38519852508ad9b,1,266.9,435.93
22f6af8201369f9eb96592db3142b9c2,1,265.52,805.12
d64a3eac03a503f95c6eb250f12ab58c,1,265.0,325.86
934157f44075d9ca396f27f72c99a338,1,265.0,333.45
81859d5924e187549d6bc2c75a27dd0a,1,265.0,373.32
790cf712a170a418cac0dc0cf3554980,1,265.0,340.81
6954a50b9d0de5b2c747f12743915254,1,264.84,342.38
89e3027de49c3012858cfeb7f5a34f59,1,260.0,444.59
80a9d13e96577f2660a741833c1d0e6b,1,259.98,321.48
149c19901ddcd1057deaabc003004a12,1,259.98,439.44
7d382c1e3312c4812845e01dca5b6fc8,1,259.9,330.08
7ab1135dd24d604747b44c69823c5ef0,1,259.9,328.64
1f6a5f79972b5203849c98f33e309253,1,259.9,346.88
a7ccca2c97ee77a214c9071225a5bade,1,259.8,329.34
dac91c3d12132ef9203d49f03ee19f2f,1,259.0,337.83
e730a3d2988d5b459898cffac6097b9b,1,258.0,359.54
6c2e4dbc3c117549d6dc5653b53a7f2c,1,258.0,322.02
4a2323f83849ec7cb00a5663d064bfac,1,258.0,344.62
ec441c1966bfa602976763f330fc5168,1,257.78,487.68
f310870c0f40daadb81e3a81ea65ee2a,1,255.27,325.7
e8bab621313ad2a3c0ce8e3a023ff9bb,1,254.0,492.26
b46143871bd7f63bcbd5acd898b5e1ee,2,253.38,346.4
f4c6d8edc2ed35807ec325b287b190e3,1,250.0,364.65
f28cab5ad7d6c9b05e6cc9c310761968,1,250.0,347.56
9011b2e0f1e26f56cbeef0be6a5f3a66,1,250.0,331.2
6b80cc7d77cb61e543f86463c3437a96,1,250.0,347.56
5dbba6c01268a8ad43f79157bf4454a0,1,250.0,496.87
3ac26522970439defcfbb97e77d02305,1,250.0,360.85
628bdd93abd27fbdd50f4e2e91ec64b3,1,249.99,325.05
2f37a695478fbf531a61d086b444a634,1,249.99,360.81
f792e65d3f71892a1d60f6cf17cc58b1,1,249.9,325.38
684fdd89d877968793cfb9c8f7ef7874,1,249.9,366.15
66c1986abf8834eef2fe741168b18ba4,1,249.9,338.27
dfb6c5f0a9757047b2b686bf88afac32,1,249.5,327.3
167aa35daafb6a7f9a6093d6b2591276,1,249.0,332.6
0c62da95f3d081e39b77e596cea54deb,1,249.0,333.44
a72a2d4e19868dba726c0e6f49198c7e,1,248.99,538.33
9ab2d6dbfe92be718de529c4d7ce2a6b,1,248.99,323.68
0cd1c607bd6e3ec9be65e14efeae55d9,1,248.99,323.68
c804d7dab083f317eb1d6dcd8f286c7f,1,245.0,352.95
409379e6e577c89589dade402e6c2522,1,243.9,366.99
8d6512fa0e1c5cdbd789b956de79fe2f,1,243.5,446.49
db1af3fd6b23ac3873ef02619d548f9c,1,242.89,329.22
738ffcf1017b584e9d2684b36e07469c,1,241.0,779.18
b1449986ee6516d3797d782b01c36e80,1,240.0,718.49
a3933b244e31797e3d98cfadd9e1ef08,1,239.98,361.31
0dc81b520ef7db9cb44bb075e129dcf8,1,239.97,504.95
c6c0b794d3e4eb69cd85d1438a0db26e,1,239.96,345.15
56d712095533382d8543d34592f00118,1,239.9,320.39
2ac0a65015448e0815d4d943a3870e3c,1,239.8,362.96
32fddfed3518aedefbf4c69d5f1bc82e,1,239.4,348.78
4a4ee8c87329844526920a2d4ba5a2ba,1,238.0,339.8
2ea0d4aef3699b453927c6e10886ba95,1,238.0,352.18
976a39626eb2337ee3258d4ad73f1543,1,237.9,334.81
3e43e6105506432c953e165fb2acf44c,3,237.49,1172.66
7d0b1773dc928e29e86a230ca9557d08,1,235.9,382.02
d5ace72808e5d77fac224215904ab662,1,235.6,367.42
f1709cbd02ae746b770209f36a4d21b6,1,235.0,332.46
cf8184665e75b70ff95922909d792bdd,1,234.9,322.19
aad99270bc43606a7af9647b7a7de9e4,1,234.89,320.31
af644a9daf3d49c493545afd91a48e40,1,234.0,358.59
b52b8debdefe66d4c0d7f44d9b4ff088,1,233.98,469.12
5691d9e7584b97e1b450398f3476b800,1,233.88,361.82
d7def44f47f1bb64b770c438641a5f50,1,231.9,351.36
52bfbce3fe777635d0c5bb7b948ea28d,1,230.0,322.1
3c5e1130694632f44051b23fd86ad9e2,1,229.98,573.45
d3064d90e228f5f2fe913cd41342c677,1,226.97,335.58
0fd39b61ec94864f92e18e5d7144bc6c,1,225.0,342.1
ea09b32bf96ba057088e140c6bec60da,1,224.9,408.44
7159bd2dfc1acca978f4621d33b7b86c,1,223.96,331.68
034917dc638e05834a69e3c5417fd57d,1,221.4,346.44
75a2adfe9f86d401f24b5fe2eb9a582c,1,220.7,354.18
5e41dd374b16457815721cce195d252f,1,219.9,353.27
6204c4e582a95b6a350adf6988623bfb,2,219.87,347.53
25a31b44149e8e16ae85af1b3386a29b,1,216.0,340.1
221ae88140600106a982acb69a0add50,1,209.0,489.99
be7afc56db0978e1f7f9599f89527126,1,207.98,328.82
0807baeeeaa1309effbd9a9dee41ab17,1,200.0,384.44
afed5a21e94b4e3e5fbe6c7e4bc92f4c,1,199.99,397.29
e1407f4d2fd92ed069307bb0b836615a,1,199.9,873.09
b9544dcc09004b3b28e388ed130e50f1,1,199.9,449.17
5616f75d22507069b5383854a1d8c414,1,199.9,443.58
549a24530925587e2faddb35f667e458,1,199.9,448.5
1a27a558aac4c4bfe3642b8c9bffcf4f,1,199.9,518.49
12d8b5ed661190a3a08183644dfc504d,1,198.24,857.95
317f563ca3576550955f39a346b15be5,1,195.8,330.27
f3c6f7452df051a1f10450ad5e7ec930,1,195.0,370.55
31bfa97f1ea0663a50ebc5c811ebdf4d,1,194.99,937.36
04f6b73a950bfc7afab0cbf82fff47b1,1,194.5,418.55
b59e4bb4efe81ba0f7d30cff6734f9a2,1,191.4,342.48
87b3f231705783eb2217e25851c0a45d,1,191.4,523.12
fc2261ae2c583aa2e68241456a6467c8,1,190.0,579.11
9c3af16efacb7aa06aa3bc674556c5d6,1,190.0,443.08
a7f8b23aaf522616c6c7daa2a3753247,1,189.99,504.82
ee5c5d0ff3ff8e904b5c2b66dd471b01,1,189.9,454.6
d1c1745d918b9661759fce57da31a2d4,1,189.9,333.51
cf96f6830f6e50b7dcba257a163e465c,1,189.9,434.24
c51a1f42780144ae12d0e529abc3f83f,1,189.9,641.22
2028c90d6c4523ae70a285c44010258a,1,189.9,338.76
969e62a47aec03c735127e6f11ad6564,1,189.0,446.32
6d983c87bdeb0ca15734c8bdaa79a2ea,1,188.8,348.03
d6da88f652fc0f69dea0db20393a752d,1,185.9,418.96
257a0a891aa05c945617ad8f097645bd,1,183.9,454.72
bc7b9e0d078c0c01f622b38cfcd7ee9c,1,183.0,384.31
8e0275b5c7fb6f05e312a1079a674410,1,183.0,425.46
d05fdf65460ea1bf8735cd5843c3d97d,1,182.0,326.17
c17dec01473d89441bb6a93fcb58e663,1,180.0,339.22
e11a1b428e150830944b665cb6b2d5da,1,179.98,421.47
cb57be427d5e8c06c10cdd1540df1e00,1,179.9,485.23
5ff735d120cf4ec4adefd9766f703bf5,1,179.8,360.19
e4971a4defaf07a1d7f2ff615a32c809,1,179.5,359.4
6f90ec5150be36c4475835b5941ab56f,1,179.19,406.92
50c7adf7c25188cf27f66e1cfe278fad,1,178.99,396.68
af5454198a97379394cacf676e1e96cb,1,178.0,592.65
987fadd385777d8f27edac709bc9fb61,1,177.0,502.25
f1a325803dd4c341c5a946ac84c71973,1,176.99,351.07
c4063084f01f085897c04bcbd81fcb69,1,174.8,758.18
aa3d117e569361959283b1e267bb785d,1,174.0,385.57
7ad04c71bfca958e6f2ec44bce34e2da,1,172.5,363.74
d2c30c00f9787faf7349ea558c153613,1,170.3,364.24
08642cd329066fe11ec63293f714f2f8,1,170.0,382.92
ec6a85d8bf9c7a514c411a1287643d1d,1,169.9,560.18
6f1b644a068a6fecb7fbac8f5fcfa056,1,169.9,376.4
52b8fc428690f8974a3d3ff3a162f7b7,1,169.9,377.78
151e9edb34867eaece4d6e7ae188f261,1,169.0,439.54
3a4acf4c4c97cc25075d29f8d29f405b,1,168.0,506.23
3c166bd80203dfb723ba32f64bedd87b,1,161.25,328.4
07ff81a9676efa0286ddd3f09e7c0063,1,160.44,484.32
2cf396c9e24e7627ff042cccb209b9e6,1,159.99,429.3
6bb535b0906b43e0041916897667aeed,1,156.0,1195.23
b9badb100ff8ecc16a403111209e3a06,1,154.9,740.83
acea6bd29b8c1e3c6a8b266a8fb4475e,1,154.7,646.99
7fb211f99a01b4971fd1e07e3a256458,1,151.72,496.55
941590fb8aef66b3a8352fe7c691879e,1,149.98,455.61
aebdb8f05f5ebf99f858c1a75fb7035a,1,149.95,482.6
d75a854dd5534f42bfac3299ac2d0b33,1,149.9,476.27
ac987d464574ee0f743f9b630f937a27,1,149.9,515.37
72061fff095d8325b311ea24e2f4a2b5,1,149.8,699.8
9b352d0736779ff0e21fcbd59a7141b3,1,149.0,435.45
4facc2e6fbc2bffab2fea92d2b4aa7e4,1,149.0,1760.75
eed4189bfc1ea0c708e927cf93d63bdf,1,148.0,432.69
947c249c7f31f3eae2bd05454e1b2040,1,147.0,465.07
9099c659f8cd764e87a1482d258fcec9,1,145.8,362.1
58f5a0b391493cf37a8c32956f14d6d1,1,145.0,371.78
b17ed96ffdf66518b4cf65e328298e7b,1,144.99,416.87
c37cc6c1a59d81460a3059744f7ada1c,1,144.77,663.02
b495d807ccbd38ea1be486a826c88008,1,139.99,464.07
9c9372efb0eaba42664210e312fe38c4,1,139.99,344.61
e8ddc823809246fabd9c235ef7714630,1,139.9,350.19
3f1ae9854823f7c0a8027bd994b2ce64,1,139.8,340.36
f71091c880cc1db3753fb760307daa16,1,139.0,359.04
b2c913a0723c7737e11067861e061913,1,138.0,410.9
8961b4ca2c5aceb7a78ea72c6e0c840a,1,135.0,780.4
a9924de6019137342b896d2700152e05,1,130.0,337.24
b643c19d91a65d73f94ba8e037668986,1,129.99,363.82
925751a747a151a7fa97f2f686d028c3,1,129.99,425.94
6be28ae15cd1e7b3f3f36ac483512822,1,129.99,500.42
69f7e342c28eb22ef6845facd926e810,1,129.0,324.72
89be58cbdd6ef318e3ed93fdb22be178,1,125.0,382.0
acea13a79aeaf715ba68122e9deb330a,1,123.0,349.35
a6ea57f856565adf869941339028fa05,1,121.0,321.19
7ee9e6c80bf1b7ec4a52639eab6c128c,1,121.0,373.67
5cbfdb85ec130898108b32c50d619c39,1,120.0,321.79
7cbf84875196ee1d04dc880ebbfaa7ef,1,119.99,376.42
54ed3f082c9e7725a0e26e9e682fc825,1,119.0,524.82
255ac312f5ceb97163ec60f0db2eee11,1,113.57,344.93
6f302f15a62c56b3100b67a81bfef328,1,109.4,735.39
dc813062e0fc23409cd255f7f53c7074,1,104.9,1094.63
e079b18794454de9d2be5c12b4392294,1,101.98,437.78
2dacd79aa5d1a86240b37b6c588de551,1,100.0,389.49
0e37a80826485260170d428b06df0ab6,1,99.99,344.09
ff8892f7c26aa0446da53d01b18df463,1,99.9,330.14
5ec4c90f549177a8cbbbc7419353e66a,1,99.9,322.01
954456f376f79dfa36460750500f7dc6,1,99.89,452.86
8dc4412f2ddf5ffee6cf50e6278b37fd,1,97.45,322.36
c2e9a50bcf76b5783bc96f906f95bceb,1,89.9,328.78
795c1622cf7a53d63d324e862349d01c,1,89.9,354.23
e226254ce0c6d5b7a7ef7218c9b5b518,1,84.9,650.62
b463aa86422087e97281b2787590fb0d,1,83.49,562.82
bcf0a5f0f3ec8639f940749aab360d8f,1,82.89,451.72
9689908caf4de73724feed92175d867a,1,82.0,439.39
98e3117841a2431959d17808f04bf23c,1,75.0,378.31
35de25c73544f00e8adde226a4d1bdcc,1,74.9,347.38
f64ec6d8dd29940264cd0bbb5ecade8a,1,72.0,359.0
272f0ffe236b0bf765e14f5a2b577a6b,1,68.9,319.82
a1044dd75b74fbc485b040575a14acf0,1,64.0,1737.88
3db6e5afa8e8178a29afc729855315e2,1,59.9,779.34
04d3c2795b83634312bf3f86f41f7901,1,58.99,596.39
6e26bbeaa107ec34112c64e1ee31c0f5,1,56.9,1441.62
7a1de9bde89aedca8c5fbad489c5571c,1,56.7,467.0
fe81bb32c243a86b2f86fbf053fe6140,1,56.0,1590.76
928616c185852cc998407c716a6f69bc,1,52.0,335.52
47c1a3033b8b77b3ab6e109eb4d5fdf3,1,52.0,944.21
557b158701bedbb76b856eb5f3af51b1,1,50.98,766.53
d0c8fa169b9f2995d6a1692a0e3aae32,1,49.77,379.71
bd86b1862fe796149a4d2af57bd85451,1,49.0,359.94
4e1cce07cd5937c69dacac3c8b13d965,1,45.0,1294.6
35ecdf6858edc6427223b64804cf028e,1,39.98,603.9
3797de5ad80619a55a3c0a8a034f5ae6,1,39.9,661.45
124ef8d5acc80858c69d34e3e08b572d,1,31.9,432.74
f8d1720cca57b3c6961eb25114347ade,1,30.99,443.12
bcc9a08b533971412be737fd5bd918b3,1,29.9,404.2
f0e310a6839dce9de1638e0fe5ab282a,1,27.99,540.69
5457ae2c352c18e3bf5cba68301d96a8,1,24.9,1274.03
ec7f1811826ab04a27a92197bc40c888,1,21.99,556.94
d35b852498996bd67a141c266e92f35b,1,19.99,338.67
ce8b665ad7a00dfee2a4fbd19dedb82a,1,13.65,490.59
45cfc55a4d5073c50be858369454fc0e,1,4.9,334.34
